"AGRICULTURA, GANADERÍA, SILVICULTURA Y PESCA"
Código,CULTIVO DE PLANTAS NO PERENNES,"Afecto a 
 IVA","Categoría 
 Tributaria",Disponible Internet
011101,CULTIVO DE TRIGO,SI,1,SI
011102,CULTIVO DE MAÍZ,SI,1,SI
011103,CULTIVO DE AVENA,SI,1,SI
011104,CULTIVO DE CEBADA,SI,1,SI
011105,"CULTIVO DE OTROS CEREALES (EXCEPTO TRIGO, MAÍZ, AVENA Y CEBADA)",SI,1,SI
011106,CULTIVO DE POROTOS,SI,1,SI
011107,CULTIVO DE LUPINO,SI,1,SI
011108,CULTIVO DE OTRAS LEGUMBRES (EXCEPTO POROTOS Y LUPINO),SI,1,SI
011109,CULTIVO DE SEMILLAS DE RAPS,SI,1,SI
011110,CULTIVO DE SEMILLAS DE MARAVILLA (GIRASOL),SI,1,SI
011111,"CULTIVO DE SEMILLAS DE CEREALES, LEGUMBRES Y OLEAGINOSAS (EXCEPTO SEMILLAS DE RAPS Y MARAVILLA)",SI,1,SI
011200,CULTIVO DE ARROZ,SI,1,SI
011301,CULTIVO DE PAPAS,SI,1,SI
011302,CULTIVO DE CAMOTES,SI,1,SI
011303,CULTIVO DE OTROS TUBÉRCULOS (EXCEPTO PAPAS Y CAMOTES),SI,1,SI
011304,CULTIVO DE REMOLACHA AZUCARERA,SI,1,SI
011305,CULTIVO DE SEMILLAS DE HORTALIZAS,SI,1,SI
011306,CULTIVO DE HORTALIZAS Y MELONES,SI,1,SI
011400,CULTIVO DE CAÑA DE AZÚCAR,SI,1,SI
011500,CULTIVO DE TABACO,SI,1,SI
011600,CULTIVO DE PLANTAS DE FIBRA,SI,1,SI
011901,CULTIVO DE FLORES,SI,1,SI
011902,CULTIVOS FORRAJEROS EN PRADERAS MEJORADAS O SEMBRADAS; CULTIVOS SUPLEMENTARIOS FORRAJEROS,SI,1,SI
011903,CULTIVOS DE SEMILLAS DE FLORES; CULTIVO DE SEMILLAS DE PLANTAS FORRAJERAS,SI,1,SI
Código,CULTIVO DE PLANTAS PERENNES,"Afecto a 
 IVA","Categoría 
 Tributaria",Disponible Internet
012111,CULTIVO DE UVA DESTINADA A LA PRODUCCIÓN DE PISCO Y AGUARDIENTE,SI,1,SI
012112,CULTIVO DE UVA DESTINADA A LA PRODUCCIÓN DE VINO,SI,1,SI
012120,CULTIVO DE UVA PARA MESA,SI,1,SI
012200,CULTIVO DE FRUTAS TROPICALES Y SUBTROPICALES (INCLUYE EL CULTIVO DE PALTAS),SI,1,SI
012300,CULTIVO DE CÍTRICOS,SI,1,SI
012400,CULTIVO DE FRUTAS DE PEPITA Y DE HUESO,SI,1,SI
012501,CULTIVO DE SEMILLAS DE FRUTAS,SI,1,SI
012502,CULTIVO DE OTROS FRUTOS Y NUECES DE ÁRBOLES Y ARBUSTOS,SI,1,SI
012600,CULTIVO DE FRUTOS OLEAGINOSOS (INCLUYE EL CULTIVO DE ACEITUNAS),SI,1,SI
012700,"CULTIVO DE PLANTAS CON LAS QUE SE PREPARAN BEBIDAS (INCLUYE EL CULTIVO DE CAFÉ, TÉ Y MATE)",SI,1,SI
012801,CULTIVO DE ESPECIAS,SI,1,SI
012802,"CULTIVO DE PLANTAS AROMÁTICAS, MEDICINALES Y FARMACÉUTICAS",SI,1,SI
012900,CULTIVO DE OTRAS PLANTAS PERENNES,SI,1,SI
Código,PROPAGACIÓN DE PLANTAS,"Afecto a 
 IVA","Categoría 
 Tributaria",Disponible Internet
013000,CULTIVO DE PLANTAS VIVAS INCLUIDA LA PRODUCCIÓN EN VIVEROS (EXCEPTO VIVEROS FORESTALES),SI,1,SI
Código,GANADERÍA,"Afecto a 
 IVA","Categoría 
 Tributaria",Disponible Internet
014101,CRÍA DE GANADO BOVINO PARA LA PRODUCCIÓN LECHERA,SI,1,SI
014102,CRÍA DE GANADO BOVINO PARA LA PRODUCCIÓN DE CARNE O COMO GANADO REPRODUCTOR,SI,1,SI
014200,CRÍA DE CABALLOS Y OTROS EQUINOS,SI,1,SI
014300,"CRÍA DE LLAMAS, ALPACAS, VICUÑAS, GUANACOS Y OTROS CAMÉLIDOS",SI,1,SI
014410,CRÍA DE OVEJAS (OVINOS),SI,1,SI
014420,CRÍA DE CABRAS (CAPRINOS),SI,1,SI
014500,CRÍA DE CERDOS,SI,1,SI
014601,CRÍA DE AVES DE CORRAL PARA LA PRODUCCIÓN DE CARNE,SI,1,SI
014602,CRÍA DE AVES DE CORRAL PARA LA PRODUCCIÓN DE HUEVOS,SI,1,SI
014901,APICULTURA,SI,1,SI
014909,CRÍA DE OTROS ANIMALES N.C.P.,SI,1,SI
Código,CULTIVO DE PRODUCTOS AGRÍCOLAS EN COMBINACIÓN CON LA CRÍA DE ANIMALES,"Afecto a 
 IVA","Categoría 
 Tributaria",Disponible Internet
015000,CULTIVO DE PRODUCTOS AGRÍCOLAS EN COMBINACIÓN CON LA CRÍA DE ANIMALES (EXPLOTACIÓN MIXTA),SI,1,SI
Código,ACTIVIDADES DE APOYO A LA AGRICULTURA Y LA GANADERÍA Y ACTIVIDADES POSCOSECHA,"Afecto a 
 IVA","Categoría 
 Tributaria",Disponible Internet
016100,ACTIVIDADES DE APOYO A LA AGRICULTURA,SI,1,SI
016200,ACTIVIDADES DE APOYO A LA GANADERÍA,SI,1,SI
016300,ACTIVIDADES POSCOSECHA,SI,1,SI
016400,TRATAMIENTO DE SEMILLAS PARA PROPAGACIÓN,SI,1,SI
Código,CAZA ORDINARIA Y MEDIANTE TRAMPAS Y ACTIVIDADES DE SERVICIOS CONEXAS,"Afecto a 
 IVA","Categoría 
 Tributaria",Disponible Internet
017000,CAZA ORDINARIA Y MEDIANTE TRAMPAS Y ACTIVIDADES DE SERVICIOS CONEXAS,SI,1,SI
Código,SILVICULTURA Y OTRAS ACTIVIDADES FORESTALES,"Afecto a 
 IVA","Categoría 
 Tributaria",Disponible Internet
021001,EXPLOTACIÓN DE VIVEROS FORESTALES,SI,1,SI
021002,SILVICULTURA Y OTRAS ACTIVIDADES FORESTALES (EXCEPTO EXPLOTACIÓN DE VIVEROS FORESTALES),SI,1,SI
Código,EXTRACCIÓN DE MADERA,"Afecto a 
 IVA","Categoría 
 Tributaria",Disponible Internet
022000,EXTRACCIÓN DE MADERA,SI,1,SI
Código,RECOLECCIÓN DE PRODUCTOS FORESTALES DISTINTOS DE LA MADERA,"Afecto a 
 IVA","Categoría 
 Tributaria",Disponible Internet
023000,RECOLECCIÓN DE PRODUCTOS FORESTALES DISTINTOS DE LA MADERA,SI,1,SI
Código,SERVICIOS DE APOYO A LA SILVICULTURA,"Afecto a 
 IVA","Categoría 
 Tributaria",Disponible Internet
024001,SERVICIOS DE FORESTACIÓN A CAMBIO DE UNA RETRIBUCIÓN O POR CONTRATA,SI,1,SI
024002,SERVICIOS DE CORTA DE MADERA A CAMBIO DE UNA RETRIBUCIÓN O POR CONTRATA,SI,1,SI
024003,SERVICIOS DE EXTINCIÓN Y PREVENCIÓN DE INCENDIOS FORESTALES,SI,1,SI
024009,OTROS SERVICIOS DE APOYO A LA SILVICULTURA N.C.P.,SI,1,SI
Código,PESCA,"Afecto a 
 IVA","Categoría 
 Tributaria",Disponible Internet
031110,"PESCA MARÍTIMA INDUSTRIAL, EXCEPTO DE BARCOS FACTORÍA",SI,1,SI
031120,PESCA MARÍTIMA ARTESANAL,SI,1,SI
031130,RECOLECCIÓN Y EXTRACCIÓN DE PRODUCTOS MARINOS,SI,1,SI
031140,SERVICIOS RELACIONADOS CON LA PESCA MARÍTIMA,SI,1,SI
031200,PESCA DE AGUA DULCE,SI,1,SI
Código,ACUICULTURA,"Afecto a 
 IVA","Categoría 
 Tributaria",Disponible Internet
032110,CULTIVO Y CRIANZA DE PECES MARINOS,SI,1,SI
032120,"CULTIVO, REPRODUCCIÓN Y MANEJO DE ALGAS MARINAS",SI,1,SI
032130,"REPRODUCCIÓN Y CRÍA DE MOLUSCOS, CRUSTÁCEOS Y GUSANOS MARINOS",SI,1,SI
032140,SERVICIOS RELACIONADOS CON LA ACUICULTURA MARINA,SI,1,SI
032200,ACUICULTURA DE AGUA DULCE,SI,1,SI
EXPLOTACIÓN DE MINAS Y CANTERAS
Código,EXTRACCIÓN Y PROCESAMIENTO DE COBRE,"Afecto a 
 IVA","Categoría 
 Tributaria",Disponible Internet
040000,EXTRACCIÓN Y PROCESAMIENTO DE COBRE,SI,1,SI
Código,EXTRACCIÓN DE CARBÓN DE PIEDRA,"Afecto a 
 IVA","Categoría 
 Tributaria",Disponible Internet
051000,EXTRACCIÓN DE CARBÓN DE PIEDRA,SI,1,SI
Código,EXTRACCIÓN DE LIGNITO,"Afecto a 
 IVA","Categoría 
 Tributaria",Disponible Internet
052000,EXTRACCIÓN DE LIGNITO,SI,1,SI
Código,EXTRACCIÓN DE PETRÓLEO CRUDO,"Afecto a 
 IVA","Categoría 
 Tributaria",Disponible Internet
061000,EXTRACCIÓN DE PETRÓLEO CRUDO,SI,1,SI
Código,EXTRACCIÓN DE GAS NATURAL,"Afecto a 
 IVA","Categoría 
 Tributaria",Disponible Internet
062000,EXTRACCIÓN DE GAS NATURAL,SI,1,SI
Código,EXTRACCIÓN DE MINERALES DE HIERRO,"Afecto a 
 IVA","Categoría 
 Tributaria",Disponible Internet
071000,EXTRACCIÓN DE MINERALES DE HIERRO,SI,1,SI
072100,EXTRACCIÓN DE MINERALES DE URANIO Y TORIO,SI,1,SI
072910,EXTRACCIÓN DE ORO Y PLATA,SI,1,SI
072991,EXTRACCIÓN DE ZINC Y PLOMO,SI,1,SI
072992,EXTRACCIÓN DE MANGANESO,SI,1,SI
072999,"EXTRACCIÓN DE OTROS MINERALES METALÍFEROS NO FERROSOS N.C.P. (EXCEPTO ZINC, PLOMO Y MANGANESO)",SI,1,SI
Código,"EXTRACCIÓN DE PIEDRA, ARENA Y ARCILLA","Afecto a 
 IVA","Categoría 
 Tributaria",Disponible Internet
081000,"EXTRACCIÓN DE PIEDRA, ARENA Y ARCILLA",SI,1,SI
Código,EXPLOTACIÓN DE MINAS Y CANTERAS N.C.P.,"Afecto a 
 IVA","Categoría 
 Tributaria",Disponible Internet
089110,EXTRACCIÓN Y PROCESAMIENTO DE LITIO,SI,1,SI
089190,EXTRACCIÓN DE MINERALES PARA LA FABRICACIÓN DE ABONOS Y PRODUCTOS QUÍMICOS N.C.P.,SI,1,SI
089200,EXTRACCIÓN DE TURBA,SI,1,SI
089300,EXTRACCIÓN DE SAL,SI,1,SI
089900,EXPLOTACIÓN DE OTRAS MINAS Y CANTERAS N.C.P.,SI,1,SI
Código,ACTIVIDADES DE APOYO PARA LA EXTRACCIÓN DE PETRÓLEO Y GAS NATURAL,"Afecto a 
 IVA","Categoría 
 Tributaria",Disponible Internet
091001,ACTIVIDADES DE APOYO PARA LA EXTRACCIÓN DE PETRÓLEO Y GAS NATURAL PRESTADOS POR EMPRESAS,SI,1,SI
091002,ACTIVIDADES DE APOYO PARA LA EXTRACCIÓN DE PETRÓLEO Y GAS NATURAL PRESTADOS POR PROFESIONALES,NO,2,SI
Código,ACTIVIDADES DE APOYO PARA LA EXPLOTACIÓN DE OTRAS MINAS Y CANTERAS,"Afecto a 
 IVA","Categoría 
 Tributaria",Disponible Internet
099001,ACTIVIDADES DE APOYO PARA LA EXPLOTACIÓN DE OTRAS MINAS Y CANTERAS PRESTADOS POR EMPRESAS,SI,1,SI
099002,ACTIVIDADES DE APOYO PARA LA EXPLOTACIÓN DE OTRAS MINAS Y CANTERAS PRESTADOS POR PROFESIONALES,NO,2,SI
INDUSTRIA MANUFACTURERA
Código,ELABORACIÓN Y CONSERVACIÓN DE CARNE,"Afecto a 
 IVA","Categoría 
 Tributaria",Disponible Internet
101011,"EXPLOTACIÓN DE MATADEROS DE BOVINOS, OVINOS, EQUINOS, CAPRINOS, PORCINOS Y CAMÉLIDOS",SI,1,SI
101019,EXPLOTACIÓN DE MATADEROS DE AVES Y DE OTROS TIPOS DE ANIMALES N.C.P.,SI,1,SI
101020,ELABORACIÓN Y CONSERVACIÓN DE CARNE Y PRODUCTOS CÁRNICOS,SI,1,SI
Código,"ELABORACIÓN Y CONSERVACIÓN DE PESCADO, CRUSTÁCEOS Y MOLUSCOS","Afecto a 
 IVA","Categoría 
 Tributaria",Disponible Internet
102010,PRODUCCIÓN DE HARINA DE PESCADO,SI,1,SI
102020,ELABORACIÓN Y CONSERVACIÓN DE SALMÓNIDOS,SI,1,SI
102030,"ELABORACIÓN Y CONSERVACIÓN DE OTROS PESCADOS, EN PLANTAS EN TIERRA (EXCEPTO BARCOS FACTORÍA)",SI,1,SI
102040,"ELABORACIÓN Y CONSERVACIÓN DE CRUSTÁCEOS, MOLUSCOS Y OTROS PRODUCTOS ACUÁTICOS, EN PLANTAS EN TIERRA",SI,1,SI
102050,"ACTIVIDADES DE ELABORACIÓN Y CONSERVACIÓN DE PESCADO, REALIZADAS EN BARCOS FACTORÍA",SI,1,SI
102060,ELABORACIÓN Y PROCESAMIENTO DE ALGAS,SI,1,SI
Código,"ELABORACIÓN Y CONSERVACIÓN DE FRUTAS, LEGUMBRES Y HORTALIZAS","Afecto a 
 IVA","Categoría 
 Tributaria",Disponible Internet
103000,"ELABORACIÓN Y CONSERVACIÓN DE FRUTAS, LEGUMBRES Y HORTALIZAS",SI,1,SI
Código,ELABORACIÓN DE ACEITES Y GRASAS DE ORIGEN VEGETAL Y ANIMAL,"Afecto a 
 IVA","Categoría 
 Tributaria",Disponible Internet
104000,ELABORACIÓN DE ACEITES Y GRASAS DE ORIGEN VEGETAL Y ANIMAL (EXCEPTO ELABORACIÓN DE MANTEQUILLA),SI,1,SI
Código,ELABORACIÓN DE PRODUCTOS LÁCTEOS,"Afecto a 
 IVA","Categoría 
 Tributaria",Disponible Internet
105000,ELABORACIÓN DE PRODUCTOS LÁCTEOS,SI,1,SI
Código,"ELABORACIÓN DE PRODUCTOS DE MOLINERÍA, ALMIDONES Y PRODUCTOS DERIVADOS DEL ALMIDÓN","Afecto a 
 IVA","Categoría 
 Tributaria",Disponible Internet
106101,"MOLIENDA DE TRIGO: PRODUCCIÓN DE HARINA, SÉMOLA Y GRÁNULOS",SI,1,SI
106102,MOLIENDA DE ARROZ; PRODUCCIÓN DE HARINA DE ARROZ,SI,1,SI
106109,ELABORACIÓN DE OTROS PRODUCTOS DE MOLINERÍA N.C.P.,SI,1,SI
106200,ELABORACIÓN DE ALMIDONES Y PRODUCTOS DERIVADOS DEL ALMIDÓN,SI,1,SI
Código,ELABORACIÓN DE OTROS PRODUCTOS ALIMENTICIOS,"Afecto a 
 IVA","Categoría 
 Tributaria",Disponible Internet
107100,ELABORACIÓN DE PRODUCTOS DE PANADERÍA Y PASTELERÍA,SI,1,SI
107200,ELABORACIÓN DE AZÚCAR,SI,1,SI
107300,"ELABORACIÓN DE CACAO, CHOCOLATE Y DE PRODUCTOS DE CONFITERÍA",SI,1,SI
107400,"ELABORACIÓN DE MACARRONES, FIDEOS, ALCUZCUZ Y PRODUCTOS FARINÁCEOS SIMILARES",SI,1,SI
107500,"ELABORACIÓN DE COMIDAS Y PLATOS PREPARADOS ENVASADOS, ROTULADOS Y CON INFORMACIÓN NUTRICIONAL",SI,1,SI
107901,"ELABORACIÓN DE TÉ, CAFÉ, MATE E INFUSIONES DE HIERBAS",SI,1,SI
107902,ELABORACIÓN DE LEVADURAS NATURALES O ARTIFICIALES,SI,1,SI
107903,"ELABORACIÓN DE VINAGRES, MOSTAZAS, MAYONESAS Y CONDIMENTOS EN GENERAL",SI,1,SI
107909,ELABORACIÓN DE OTROS PRODUCTOS ALIMENTICIOS N.C.P.,SI,1,SI
Código,ELABORACIÓN DE PIENSOS PREPARADOS PARA ANIMALES,"Afecto a 
 IVA","Categoría 
 Tributaria",Disponible Internet
108000,ELABORACIÓN DE PIENSOS PREPARADOS PARA ANIMALES,SI,1,SI
Código,ELABORACIÓN DE BEBIDAS ALCOHÓLICAS Y NO ALCOHÓLICAS,"Afecto a 
 IVA","Categoría 
 Tributaria",Disponible Internet
110110,ELABORACIÓN DE PISCO (INDUSTRIAS PISQUERAS),SI,1,SI
110120,"DESTILACIÓN, RECTIFICACIÓN Y MEZCLAS DE BEBIDAS ALCOHÓLICAS; EXCEPTO PISCO",SI,1,SI
110200,ELABORACIÓN DE VINOS,SI,1,SI
110300,ELABORACIÓN DE BEBIDAS MALTEADAS Y DE MALTA,SI,1,SI
110401,ELABORACIÓN DE BEBIDAS NO ALCOHÓLICAS,SI,1,SI
110402,PRODUCCIÓN DE AGUAS MINERALES Y OTRAS AGUAS EMBOTELLADAS,SI,1,SI
Código,ELABORACIÓN DE PRODUCTOS DE TABACO,"Afecto a 
 IVA","Categoría 
 Tributaria",Disponible Internet
120001,ELABORACIÓN DE CIGARROS Y CIGARRILLOS,SI,1,SI
120009,ELABORACIÓN DE OTROS PRODUCTOS DE TABACO N.C.P.,SI,1,SI
Código,"HILATURA, TEJEDURA Y ACABADO DE PRODUCTOS TEXTILES","Afecto a 
 IVA","Categoría 
 Tributaria",Disponible Internet
131100,PREPARACIÓN E HILATURA DE FIBRAS TEXTILES,SI,1,SI
131200,TEJEDURA DE PRODUCTOS TEXTILES,SI,1,SI
131300,ACABADO DE PRODUCTOS TEXTILES,SI,1,SI
Código,FABRICACIÓN DE OTROS PRODUCTOS TEXTILES,"Afecto a 
 IVA","Categoría 
 Tributaria",Disponible Internet
139100,FABRICACIÓN DE TEJIDOS DE PUNTO Y GANCHILLO,SI,1,SI
139200,"FABRICACIÓN DE ARTÍCULOS CONFECCIONADOS DE MATERIALES TEXTILES, EXCEPTO PRENDAS DE VESTIR",SI,1,SI
139300,FABRICACIÓN DE TAPICES Y ALFOMBRAS,SI,1,SI
139400,"FABRICACIÓN DE CUERDAS, CORDELES, BRAMANTES Y REDES",SI,1,SI
139900,FABRICACIÓN DE OTROS PRODUCTOS TEXTILES N.C.P.,SI,1,SI
Código,"FABRICACIÓN DE PRENDAS DE VESTIR, EXCEPTO PRENDAS DE PIEL","Afecto a 
 IVA","Categoría 
 Tributaria",Disponible Internet
141001,FABRICACIÓN DE PRENDAS DE VESTIR DE MATERIALES TEXTILES Y SIMILARES,SI,1,SI
141002,FABRICACIÓN DE PRENDAS DE VESTIR DE CUERO NATURAL O ARTIFICIAL,SI,1,SI
141003,FABRICACIÓN DE ACCESORIOS DE VESTIR,SI,1,SI
141004,FABRICACIÓN DE ROPA DE TRABAJO,SI,1,SI
Código,FABRICACIÓN DE ARTÍCULOS DE PIEL,"Afecto a 
 IVA","Categoría 
 Tributaria",Disponible Internet
142000,FABRICACIÓN DE ARTÍCULOS DE PIEL,SI,1,SI
Código,FABRICACIÓN DE ARTÍCULOS DE PUNTO Y GANCHILLO,"Afecto a 
 IVA","Categoría 
 Tributaria",Disponible Internet
143000,FABRICACIÓN DE ARTÍCULOS DE PUNTO Y GANCHILLO,SI,1,SI
Código,CURTIDO Y ADOBO DE CUEROS; FABRICACIÓN PRODUCTOS DE CUERO; ADOBO Y TEÑIDO DE PIELES,"Afecto a 
 IVA","Categoría 
 Tributaria",Disponible Internet
151100,CURTIDO Y ADOBO DE CUEROS; ADOBO Y TEÑIDO DE PIELES,SI,1,SI
151200,"FABRICACIÓN DE MALETAS, BOLSOS Y ARTÍCULOS SIMILARES, ARTÍCULOS DE TALABARTERÍA Y GUARNICIONERÍA",SI,1,SI
Código,FABRICACIÓN DE CALZADO,"Afecto a 
 IVA","Categoría 
 Tributaria",Disponible Internet
152000,FABRICACIÓN DE CALZADO,SI,1,SI
Código,ASERRADO Y ACEPILLADURA DE MADERA,"Afecto a 
 IVA","Categoría 
 Tributaria",Disponible Internet
161000,ASERRADO Y ACEPILLADURA DE MADERA,SI,1,SI
Código,"FABRICACIÓN DE PRODUCTOS DE MADERA, CORCHO, PAJA Y MATERIALES TRENZABLES","Afecto a 
 IVA","Categoría 
 Tributaria",Disponible Internet
162100,FABRICACIÓN DE HOJAS DE MADERA PARA ENCHAPADO Y TABLEROS A BASE DE MADERA,SI,1,SI
162200,FABRICACIÓN DE PARTES Y PIEZAS DE CARPINTERÍA PARA EDIFICIOS Y CONSTRUCCIONES,SI,1,SI
162300,FABRICACIÓN DE RECIPIENTES DE MADERA,SI,1,SI
162900,"FABRICACIÓN DE OTROS PRODUCTOS DE MADERA, DE ARTÍCULOS DE CORCHO, PAJA Y MATERIALES TRENZABLES",SI,1,SI
Código,FABRICACIÓN DE PAPEL Y DE PRODUCTOS DE PAPEL,"Afecto a 
 IVA","Categoría 
 Tributaria",Disponible Internet
170110,FABRICACIÓN DE CELULOSA Y OTRAS PASTAS DE MADERA,SI,1,SI
170190,FABRICACIÓN DE PAPEL Y CARTÓN PARA SU POSTERIOR USO INDUSTRIAL N.C.P.,SI,1,SI
170200,FABRICACIÓN DE PAPEL Y CARTÓN ONDULADO Y DE ENVASES DE PAPEL Y CARTÓN,SI,1,SI
170900,FABRICACIÓN DE OTROS ARTÍCULOS DE PAPEL Y CARTÓN,SI,1,SI
Código,IMPRESIÓN Y ACTIVIDADES DE SERVICIOS RELACIONADAS CON LA IMPRESIÓN,"Afecto a 
 IVA","Categoría 
 Tributaria",Disponible Internet
181101,IMPRESIÓN DE LIBROS,SI,1,SI
181109,OTRAS ACTIVIDADES DE IMPRESIÓN N.C.P.,SI,1,SI
181200,ACTIVIDADES DE SERVICIOS RELACIONADAS CON LA IMPRESIÓN,SI,1,SI
Código,REPRODUCCIÓN DE GRABACIONES,"Afecto a 
 IVA","Categoría 
 Tributaria",Disponible Internet
182000,REPRODUCCIÓN DE GRABACIONES,SI,1,SI
Código,FABRICACIÓN DE PRODUCTOS DE HORNOS DE COQUE,"Afecto a 
 IVA","Categoría 
 Tributaria",Disponible Internet
191000,FABRICACIÓN DE PRODUCTOS DE HORNOS DE COQUE,SI,1,SI
Código,FABRICACIÓN DE PRODUCTOS DE LA REFINACIÓN DEL PETRÓLEO,"Afecto a 
 IVA","Categoría 
 Tributaria",Disponible Internet
192000,FABRICACIÓN DE PRODUCTOS DE LA REFINACIÓN DEL PETRÓLEO,SI,1,SI
Código,"FABRICACIÓN SUSTANCIAS QUÍMICAS BÁSICAS, ABONOS Y COMPUESTOS DE NITRÓGENO, PLÁSTICOS Y CAUCHO SINT.","Afecto a 
 IVA","Categoría 
 Tributaria",Disponible Internet
201101,FABRICACIÓN DE CARBÓN VEGETAL (EXCEPTO ACTIVADO); FABRICACIÓN DE BRIQUETAS DE CARBÓN VEGETAL,SI,1,SI
201109,FABRICACIÓN DE OTRAS SUSTANCIAS QUÍMICAS BÁSICAS N.C.P.,SI,1,SI
201200,FABRICACIÓN DE ABONOS Y COMPUESTOS DE NITRÓGENO,SI,1,SI
201300,FABRICACIÓN DE PLÁSTICOS Y CAUCHO SINTÉTICO EN FORMAS PRIMARIAS,SI,1,SI
Código,FABRICACIÓN DE OTROS PRODUCTOS QUÍMICOS,"Afecto a 
 IVA","Categoría 
 Tributaria",Disponible Internet
202100,FABRICACIÓN DE PLAGUICIDAS Y OTROS PRODUCTOS QUÍMICOS DE USO AGROPECUARIO,SI,1,SI
202200,"FABRICACIÓN DE PINTURAS, BARNICES Y PRODUCTOS DE REVESTIMIENTO, TINTAS DE IMPRENTA Y MASILLAS",SI,1,SI
202300,"FABRICACIÓN DE JABONES Y DETERGENTES, PREPARADOS PARA LIMPIAR, PERFUMES Y PREPARADOS DE TOCADOR",SI,1,SI
202901,FABRICACIÓN DE EXPLOSIVOS Y PRODUCTOS PIROTÉCNICOS,SI,1,SI
202909,FABRICACIÓN DE OTROS PRODUCTOS QUÍMICOS N.C.P.,SI,1,SI
Código,FABRICACIÓN DE FIBRAS ARTIFICIALES,"Afecto a 
 IVA","Categoría 
 Tributaria",Disponible Internet
203000,FABRICACIÓN DE FIBRAS ARTIFICIALES,SI,1,SI
Código,"FABRICACIÓN DE PRODUCTOS FARMACÉUTICOS, SUSTANCIAS QUÍMICAS MEDICINALES Y PRODUCTOS BOTÁNICOS","Afecto a 
 IVA","Categoría 
 Tributaria",Disponible Internet
210000,"FABRICACIÓN DE PRODUCTOS FARMACÉUTICOS, SUSTANCIAS QUÍMICAS MEDICINALES Y PRODUCTOS BOTÁNICOS",SI,1,SI
Código,FABRICACIÓN DE PRODUCTOS DE CAUCHO,"Afecto a 
 IVA","Categoría 
 Tributaria",Disponible Internet
221100,FABRICACIÓN DE CUBIERTAS Y CÁMARAS DE CAUCHO; RECAUCHUTADO Y RENOVACIÓN DE CUBIERTAS DE CAUCHO,SI,1,SI
221900,FABRICACIÓN DE OTROS PRODUCTOS DE CAUCHO,SI,1,SI
Código,FABRICACIÓN DE PRODUCTOS DE PLÁSTICO,"Afecto a 
 IVA","Categoría 
 Tributaria",Disponible Internet
222000,FABRICACIÓN DE PRODUCTOS DE PLÁSTICO,SI,1,SI
Código,FABRICACIÓN DE VIDRIO Y PRODUCTOS DE VIDRIO,"Afecto a 
 IVA","Categoría 
 Tributaria",Disponible Internet
231001,FABRICACIÓN DE VIDRIO PLANO,SI,1,SI
231002,FABRICACIÓN DE VIDRIO HUECO,SI,1,SI
231003,FABRICACIÓN DE FIBRAS DE VIDRIO,SI,1,SI
231009,FABRICACIÓN DE PRODUCTOS DE VIDRIO N.C.P.,SI,1,SI
Código,FABRICACIÓN DE PRODUCTOS MINERALES NO METÁLICOS N.C.P.,"Afecto a 
 IVA","Categoría 
 Tributaria",Disponible Internet
239100,FABRICACIÓN DE PRODUCTOS REFRACTARIOS,SI,1,SI
239200,FABRICACIÓN DE MATERIALES DE CONSTRUCCIÓN DE ARCILLA,SI,1,SI
239300,FABRICACIÓN DE OTROS PRODUCTOS DE PORCELANA Y DE CERÁMICA,SI,1,SI
239400,"FABRICACIÓN DE CEMENTO, CAL Y YESO",SI,1,SI
239500,"FABRICACIÓN DE ARTÍCULOS DE HORMIGÓN, CEMENTO Y YESO",SI,1,SI
239600,"CORTE, TALLA Y ACABADO DE LA PIEDRA",SI,1,SI
239900,FABRICACIÓN DE OTROS PRODUCTOS MINERALES NO METÁLICOS N.C.P.,SI,1,SI
Código,INDUSTRIAS BÁSICAS DE HIERRO Y ACERO,"Afecto a 
 IVA","Categoría 
 Tributaria",Disponible Internet
241000,INDUSTRIAS BÁSICAS DE HIERRO Y ACERO,SI,1,SI
Código,FABRICACIÓN DE PRODUCTOS PRIMARIOS DE METALES PRECIOSOS Y OTROS METALES NO FERROSOS,"Afecto a 
 IVA","Categoría 
 Tributaria",Disponible Internet
242001,FABRICACIÓN DE PRODUCTOS PRIMARIOS DE COBRE,SI,1,SI
242002,FABRICACIÓN DE PRODUCTOS PRIMARIOS DE ALUMINIO,SI,1,SI
242009,FABRICACIÓN DE PRODUCTOS PRIMARIOS DE METALES PRECIOSOS Y DE OTROS METALES NO FERROSOS N.C.P.,SI,1,SI
Código,FUNDICIÓN DE METALES,"Afecto a 
 IVA","Categoría 
 Tributaria",Disponible Internet
243100,FUNDICIÓN DE HIERRO Y ACERO,SI,1,SI
243200,FUNDICIÓN DE METALES NO FERROSOS,SI,1,SI
Código,"FABRICACIÓN DE PRODUCTOS METÁLICOS PARA USO ESTRUCTURAL, TANQUES, DEPÓSITOS, RECIPIENTES DE METAL","Afecto a 
 IVA","Categoría 
 Tributaria",Disponible Internet
251100,FABRICACIÓN DE PRODUCTOS METÁLICOS PARA USO ESTRUCTURAL,SI,1,SI
251201,FABRICACIÓN DE RECIPIENTES DE METAL PARA GASES COMPRIMIDOS O LICUADOS,SI,1,SI
251209,"FABRICACIÓN DE TANQUES, DEPÓSITOS Y RECIPIENTES DE METAL N.C.P.",SI,1,SI
251300,"FABRICACIÓN DE GENERADORES DE VAPOR, EXCEPTO CALDERAS DE AGUA CALIENTE PARA CALEFACCIÓN CENTRAL",SI,1,SI
Código,FABRICACIÓN DE ARMAS Y MUNICIONES,"Afecto a 
 IVA","Categoría 
 Tributaria",Disponible Internet
252000,FABRICACIÓN DE ARMAS Y MUNICIONES,SI,1,SI
Código,FABRICACIÓN DE OTROS PRODUCTOS ELABORADOS DE METAL; ACTIVIDADES DE SERVICIOS DE TRABAJO DE METALES,"Afecto a 
 IVA","Categoría 
 Tributaria",Disponible Internet
259100,"FORJA, PRENSADO, ESTAMPADO Y LAMINADO DE METALES; PULVIMETALURGIA",SI,1,SI
259200,TRATAMIENTO Y REVESTIMIENTO DE METALES; MAQUINADO,SI,1,SI
259300,"FABRICACIÓN DE ARTÍCULOS DE CUCHILLERÍA, HERRAMIENTAS DE MANO Y ARTÍCULOS DE FERRETERÍA",SI,1,SI
259900,FABRICACIÓN DE OTROS PRODUCTOS ELABORADOS DE METAL N.C.P.,SI,1,SI
Código,FABRICACIÓN DE COMPONENTES Y TABLEROS ELECTRÓNICOS,"Afecto a 
 IVA","Categoría 
 Tributaria",Disponible Internet
261000,FABRICACIÓN DE COMPONENTES Y TABLEROS ELECTRÓNICOS,SI,1,SI
Código,FABRICACIÓN DE COMPUTADORES Y EQUIPO PERIFÉRICO,"Afecto a 
 IVA","Categoría 
 Tributaria",Disponible Internet
262000,FABRICACIÓN DE COMPUTADORES Y EQUIPO PERIFÉRICO,SI,1,SI
Código,FABRICACIÓN DE EQUIPO DE COMUNICACIONES,"Afecto a 
 IVA","Categoría 
 Tributaria",Disponible Internet
263000,FABRICACIÓN DE EQUIPO DE COMUNICACIONES,SI,1,SI
Código,FABRICACIÓN DE APARATOS ELECTRÓNICOS DE CONSUMO,"Afecto a 
 IVA","Categoría 
 Tributaria",Disponible Internet
264000,FABRICACIÓN DE APARATOS ELECTRÓNICOS DE CONSUMO,SI,1,SI
Código,"FABRICACIÓN DE EQUIPO DE MEDICIÓN, PRUEBA, NAVEGACIÓN Y CONTROL Y DE RELOJES","Afecto a 
 IVA","Categoría 
 Tributaria",Disponible Internet
265100,"FABRICACIÓN DE EQUIPO DE MEDICIÓN, PRUEBA, NAVEGACIÓN Y CONTROL",SI,1,SI
265200,FABRICACIÓN DE RELOJES,SI,1,SI
Código,FABRICACIÓN DE EQUIPO DE IRRADIACIÓN Y EQUIPO ELECTRÓNICO DE USO MÉDICO Y TERAPÉUTICO,"Afecto a 
 IVA","Categoría 
 Tributaria",Disponible Internet
266000,FABRICACIÓN DE EQUIPO DE IRRADIACIÓN Y EQUIPO ELECTRÓNICO DE USO MÉDICO Y TERAPÉUTICO,SI,1,SI
Código,FABRICACIÓN DE INSTRUMENTOS ÓPTICOS Y EQUIPO FOTOGRÁFICO,"Afecto a 
 IVA","Categoría 
 Tributaria",Disponible Internet
267000,FABRICACIÓN DE INSTRUMENTOS ÓPTICOS Y EQUIPO FOTOGRÁFICO,SI,1,SI
Código,FABRICACIÓN DE SOPORTES MAGNÉTICOS Y ÓPTICOS,"Afecto a 
 IVA","Categoría 
 Tributaria",Disponible Internet
268000,FABRICACIÓN DE SOPORTES MAGNÉTICOS Y ÓPTICOS,SI,1,SI
Código,"FABRICACIÓN DE MOTORES, GENERADORES Y TRANSFORMADORES ELÉCTRICOS, APARATOS DE DISTRIBUCIÓN Y CONTROL","Afecto a 
 IVA","Categoría 
 Tributaria",Disponible Internet
271000,"FABRICACIÓN DE MOTORES, GENERADORES Y TRANSFORMADORES ELÉCTRICOS, APARATOS DE DISTRIBUCIÓN Y CONTROL",SI,1,SI
Código,"FABRICACIÓN DE PILAS, BATERÍAS Y ACUMULADORES","Afecto a 
 IVA","Categoría 
 Tributaria",Disponible Internet
272000,"FABRICACIÓN DE PILAS, BATERÍAS Y ACUMULADORES",SI,1,SI
Código,FABRICACIÓN DE CABLES Y DISPOSITIVOS DE CABLEADO,"Afecto a 
 IVA","Categoría 
 Tributaria",Disponible Internet
273100,FABRICACIÓN DE CABLES DE FIBRA ÓPTICA,SI,1,SI
273200,FABRICACIÓN DE OTROS HILOS Y CABLES ELÉCTRICOS,SI,1,SI
273300,FABRICACIÓN DE DISPOSITIVOS DE CABLEADO,SI,1,SI
Código,FABRICACIÓN DE EQUIPO ELÉCTRICO DE ILUMINACIÓN,"Afecto a 
 IVA","Categoría 
 Tributaria",Disponible Internet
274000,FABRICACIÓN DE EQUIPO ELÉCTRICO DE ILUMINACIÓN,SI,1,SI
Código,FABRICACIÓN DE APARATOS DE USO DOMÉSTICO,"Afecto a 
 IVA","Categoría 
 Tributaria",Disponible Internet
275000,FABRICACIÓN DE APARATOS DE USO DOMÉSTICO,SI,1,SI
Código,FABRICACIÓN DE OTROS TIPOS DE EQUIPO ELÉCTRICO,"Afecto a 
 IVA","Categoría 
 Tributaria",Disponible Internet
279000,FABRICACIÓN DE OTROS TIPOS DE EQUIPO ELÉCTRICO,SI,1,SI
Código,FABRICACIÓN DE MAQUINARIA DE USO GENERAL,"Afecto a 
 IVA","Categoría 
 Tributaria",Disponible Internet
281100,"FABRICACIÓN DE MOTORES Y TURBINAS, EXCEPTO PARA AERONAVES, VEHÍCULOS AUTOMOTORES Y MOTOCICLETAS",SI,1,SI
281200,FABRICACIÓN DE EQUIPO DE PROPULSIÓN DE FLUIDOS,SI,1,SI
281300,"FABRICACIÓN DE OTRAS BOMBAS, COMPRESORES, GRIFOS Y VÁLVULAS",SI,1,SI
281400,"FABRICACIÓN DE COJINETES, ENGRANAJES, TRENES DE ENGRANAJES Y PIEZAS DE TRANSMISIÓN",SI,1,SI
281500,"FABRICACIÓN DE HORNOS, CALDERAS Y QUEMADORES",SI,1,SI
281600,FABRICACIÓN DE EQUIPO DE ELEVACIÓN Y MANIPULACIÓN,SI,1,SI
281700,FABRICACIÓN DE MAQUINARIA Y EQUIPO DE OFICINA (EXCEPTO COMPUTADORES Y EQUIPO PERIFÉRICO),SI,1,SI
281800,FABRICACIÓN DE HERRAMIENTAS DE MANO MOTORIZADAS,SI,1,SI
281900,FABRICACIÓN DE OTROS TIPOS DE MAQUINARIA DE USO GENERAL,SI,1,SI
Código,FABRICACIÓN DE MAQUINARIA DE USO ESPECIAL,"Afecto a 
 IVA","Categoría 
 Tributaria",Disponible Internet
282100,FABRICACIÓN DE MAQUINARIA AGROPECUARIA Y FORESTAL,SI,1,SI
282200,FABRICACIÓN DE MAQUINARIA PARA LA CONFORMACIÓN DE METALES Y DE MÁQUINAS HERRAMIENTA,SI,1,SI
282300,FABRICACIÓN DE MAQUINARIA METALÚRGICA,SI,1,SI
282400,FABRICACIÓN DE MAQUINARIA PARA LA EXPLOTACIÓN DE MINAS Y CANTERAS Y PARA OBRAS DE CONSTRUCCIÓN,SI,1,SI
282500,"FABRICACIÓN DE MAQUINARIA PARA LA ELABORACIÓN DE ALIMENTOS, BEBIDAS Y TABACO",SI,1,SI
282600,"FABRICACIÓN DE MAQUINARIA PARA LA ELABORACIÓN DE PRODUCTOS TEXTILES, PRENDAS DE VESTIR Y CUEROS",SI,1,SI
282900,FABRICACIÓN DE OTROS TIPOS DE MAQUINARIA DE USO ESPECIAL,SI,1,SI
Código,FABRICACIÓN DE VEHÍCULOS AUTOMOTORES,"Afecto a 
 IVA","Categoría 
 Tributaria",Disponible Internet
291000,FABRICACIÓN DE VEHÍCULOS AUTOMOTORES,SI,1,SI
Código,FABRICACIÓN DE CARROCERÍAS PARA VEHÍCULOS AUTOMOTORES; FABRICACIÓN DE REMOLQUES Y SEMIRREMOLQUES,"Afecto a 
 IVA","Categoría 
 Tributaria",Disponible Internet
292000,FABRICACIÓN DE CARROCERÍAS PARA VEHÍCULOS AUTOMOTORES; FABRICACIÓN DE REMOLQUES Y SEMIRREMOLQUES,SI,1,SI
Código,"FABRICACIÓN DE PARTES, PIEZAS Y ACCESORIOS PARA VEHÍCULOS AUTOMOTORES","Afecto a 
 IVA","Categoría 
 Tributaria",Disponible Internet
293000,"FABRICACIÓN DE PARTES, PIEZAS Y ACCESORIOS PARA VEHÍCULOS AUTOMOTORES",SI,1,SI
Código,CONSTRUCCIÓN DE BUQUES Y OTRAS EMBARCACIONES,"Afecto a 
 IVA","Categoría 
 Tributaria",Disponible Internet
301100,"CONSTRUCCIÓN DE BUQUES, EMBARCACIONES MENORES Y ESTRUCTURAS FLOTANTES",SI,1,SI
301200,CONSTRUCCIÓN DE EMBARCACIONES DE RECREO Y DE DEPORTE,SI,1,SI
Código,FABRICACIÓN DE LOCOMOTORAS Y MATERIAL RODANTE,"Afecto a 
 IVA","Categoría 
 Tributaria",Disponible Internet
302000,FABRICACIÓN DE LOCOMOTORAS Y MATERIAL RODANTE,SI,1,SI
Código,"FABRICACIÓN DE AERONAVES, NAVES ESPACIALES Y MAQUINARIA CONEXA","Afecto a 
 IVA","Categoría 
 Tributaria",Disponible Internet
303000,"FABRICACIÓN DE AERONAVES, NAVES ESPACIALES Y MAQUINARIA CONEXA",SI,1,SI
Código,FABRICACIÓN DE VEHÍCULOS MILITARES DE COMBATE,"Afecto a 
 IVA","Categoría 
 Tributaria",Disponible Internet
304000,FABRICACIÓN DE VEHÍCULOS MILITARES DE COMBATE,SI,1,SI
Código,FABRICACIÓN DE EQUIPO DE TRANSPORTE N.C.P.,"Afecto a 
 IVA","Categoría 
 Tributaria",Disponible Internet
309100,FABRICACIÓN DE MOTOCICLETAS,SI,1,SI
309200,FABRICACIÓN DE BICICLETAS Y DE SILLAS DE RUEDAS,SI,1,SI
309900,FABRICACIÓN DE OTROS TIPOS DE EQUIPO DE TRANSPORTE N.C.P.,SI,1,SI
Código,FABRICACIÓN DE MUEBLES,"Afecto a 
 IVA","Categoría 
 Tributaria",Disponible Internet
310001,FABRICACIÓN DE MUEBLES PRINCIPALMENTE DE MADERA,SI,1,SI
310009,FABRICACIÓN DE COLCHONES; FABRICACIÓN DE OTROS MUEBLES N.C.P.,SI,1,SI
Código,"FABRICACIÓN DE JOYAS, BISUTERÍA Y ARTÍCULOS CONEXOS","Afecto a 
 IVA","Categoría 
 Tributaria",Disponible Internet
321100,FABRICACIÓN DE JOYAS Y ARTÍCULOS CONEXOS,SI,1,SI
321200,FABRICACIÓN DE BISUTERÍA Y ARTÍCULOS CONEXOS,SI,1,SI
Código,FABRICACIÓN DE INSTRUMENTOS MUSICALES,"Afecto a 
 IVA","Categoría 
 Tributaria",Disponible Internet
322000,FABRICACIÓN DE INSTRUMENTOS MUSICALES,SI,1,SI
Código,FABRICACIÓN DE ARTÍCULOS DE DEPORTE,"Afecto a 
 IVA","Categoría 
 Tributaria",Disponible Internet
323000,FABRICACIÓN DE ARTÍCULOS DE DEPORTE,SI,1,SI
Código,FABRICACIÓN DE JUEGOS Y JUGUETES,"Afecto a 
 IVA","Categoría 
 Tributaria",Disponible Internet
324000,FABRICACIÓN DE JUEGOS Y JUGUETES,SI,1,SI
Código,FABRICACIÓN DE INSTRUMENTOS Y MATERIALES MÉDICOS Y ODONTOLÓGICOS,"Afecto a 
 IVA","Categoría 
 Tributaria",Disponible Internet
325001,ACTIVIDADES DE LABORATORIOS DENTALES,SI,1,SI
325009,"FABRICACIÓN DE INSTRUMENTOS Y MATERIALES MÉDICOS, OFTALMOLÓGICOS Y ODONTOLÓGICOS N.C.P.",SI,1,SI
Código,OTRAS INDUSTRIAS MANUFACTURERAS N.C.P.,"Afecto a 
 IVA","Categoría 
 Tributaria",Disponible Internet
329000,OTRAS INDUSTRIAS MANUFACTURERAS N.C.P.,SI,1,SI
Código,"REPARACIÓN DE PRODUCTOS ELABORADOS DE METAL, MAQUINARIA Y EQUIPO","Afecto a 
 IVA","Categoría 
 Tributaria",Disponible Internet
331100,REPARACIÓN DE PRODUCTOS ELABORADOS DE METAL,SI,1,SI
331201,REPARACIÓN DE MAQUINARIA AGROPECUARIA Y FORESTAL,SI,1,SI
331202,"REPARACIÓN DE MAQUINARIA METALÚRGICA, PARA LA MINERÍA, EXTRACCIÓN DE PETRÓLEO Y PARA LA CONSTRUCCIÓN",SI,1,SI
331203,"REPARACIÓN DE MAQUINARIA PARA LA ELABORACIÓN DE ALIMENTOS, BEBIDAS Y TABACO",SI,1,SI
331204,"REPARACIÓN DE MAQUINARIA PARA PRODUCIR TEXTILES, PRENDAS DE VESTIR, ARTÍCULOS DE CUERO Y CALZADO",SI,1,SI
331209,REPARACIÓN DE OTRO TIPO DE MAQUINARIA Y EQUIPOS INDUSTRIALES N.C.P.,SI,1,SI
331301,"REPARACIÓN DE EQUIPO DE MEDICIÓN, PRUEBA, NAVEGACIÓN Y CONTROL",SI,1,SI
331309,REPARACIÓN DE OTROS EQUIPOS ELECTRÓNICOS Y ÓPTICOS N.C.P.,SI,1,SI
331400,REPARACIÓN DE EQUIPO ELÉCTRICO (EXCEPTO REPARACIÓN DE EQUIPO Y ENSERES DOMÉSTICOS),SI,1,SI
331501,"REPARACIÓN DE BUQUES, EMBARCACIONES MENORES Y ESTRUCTURAS FLOTANTES",SI,1,SI
331502,REPARACIÓN DE AERONAVES Y NAVES ESPACIALES,SI,1,SI
331509,"REPARACIÓN DE OTROS EQUIPOS DE TRANSPORTE N.C.P., EXCEPTO VEHÍCULOS AUTOMOTORES",SI,1,SI
331900,REPARACIÓN DE OTROS TIPOS DE EQUIPO,SI,1,SI
Código,INSTALACIÓN DE MAQUINARIA Y EQUIPOS INDUSTRIALES,"Afecto a 
 IVA","Categoría 
 Tributaria",Disponible Internet
332000,INSTALACIÓN DE MAQUINARIA Y EQUIPOS INDUSTRIALES,SI,1,SI
"SUMINISTRO DE ELECTRICIDAD, GAS, VAPOR Y AIRE ACONDICIONADO"
Código,"GENERACIÓN, TRANSMISIÓN Y DISTRIBUCIÓN DE ENERGÍA ELÉCTRICA","Afecto a 
 IVA","Categoría 
 Tributaria",Disponible Internet
351011,GENERACIÓN DE ENERGÍA ELÉCTRICA EN CENTRALES HIDROELÉCTRICAS,SI,1,SI
351012,GENERACIÓN DE ENERGÍA ELÉCTRICA EN CENTRALES TERMOELÉCTRICAS,SI,1,SI
351019,GENERACIÓN DE ENERGÍA ELÉCTRICA EN OTRAS CENTRALES N.C.P.,SI,1,SI
351020,TRANSMISIÓN DE ENERGÍA ELÉCTRICA,SI,1,SI
351030,DISTRIBUCIÓN DE ENERGÍA ELÉCTRICA,SI,1,SI
Código,FABRICACIÓN DE GAS; DISTRIBUCIÓN DE COMBUSTIBLES GASEOSOS POR TUBERÍAS,"Afecto a 
 IVA","Categoría 
 Tributaria",Disponible Internet
352010,REGASIFICACIÓN DE GAS NATURAL LICUADO (GNL),SI,1,SI
352020,"FABRICACIÓN DE GAS; DISTRIBUCIÓN DE COMBUSTIBLES GASEOSOS POR TUBERÍA, EXCEPTO REGASIFICACIÓN DE GNL",SI,1,SI
Código,SUMINISTRO DE VAPOR Y DE AIRE ACONDICIONADO,"Afecto a 
 IVA","Categoría 
 Tributaria",Disponible Internet
353001,SUMINISTRO DE VAPOR Y DE AIRE ACONDICIONADO,SI,1,SI
353002,ELABORACIÓN DE HIELO (EXCEPTO FABRICACIÓN DE HIELO SECO),SI,1,SI
"SUMINISTRO DE AGUA; EVACUACIÓN DE AGUAS RESIDUALES, GESTIÓN DE DESECHOS Y DESCONTAMINACIÓN"
Código,"CAPTACIÓN, TRATAMIENTO Y DISTRIBUCIÓN DE AGUA","Afecto a 
 IVA","Categoría 
 Tributaria",Disponible Internet
360000,"CAPTACIÓN, TRATAMIENTO Y DISTRIBUCIÓN DE AGUA",G,1,SI
Código,EVACUACIÓN DE AGUAS RESIDUALES,"Afecto a 
 IVA","Categoría 
 Tributaria",Disponible Internet
370000,EVACUACIÓN Y TRATAMIENTO DE AGUAS SERVIDAS,SI,1,SI
Código,RECOGIDA DE DESECHOS,"Afecto a 
 IVA","Categoría 
 Tributaria",Disponible Internet
381100,RECOGIDA DE DESECHOS NO PELIGROSOS,SI,1,SI
381200,RECOGIDA DE DESECHOS PELIGROSOS,SI,1,SI
Código,TRATAMIENTO Y ELIMINACIÓN DE DESECHOS,"Afecto a 
 IVA","Categoría 
 Tributaria",Disponible Internet
382100,TRATAMIENTO Y ELIMINACIÓN DE DESECHOS NO PELIGROSOS,SI,1,SI
382200,TRATAMIENTO Y ELIMINACIÓN DE DESECHOS PELIGROSOS,SI,1,SI
Código,RECUPERACIÓN DE MATERIALES,"Afecto a 
 IVA","Categoría 
 Tributaria",Disponible Internet
383001,RECUPERACIÓN Y RECICLAMIENTO DE DESPERDICIOS Y DESECHOS METÁLICOS,SI,1,SI
383002,RECUPERACIÓN Y RECICLAMIENTO DE PAPEL,SI,1,SI
383003,RECUPERACIÓN Y RECICLAMIENTO DE VIDRIO,SI,1,SI
383009,RECUPERACIÓN Y RECICLAMIENTO DE OTROS DESPERDICIOS Y DESECHOS N.C.P.,SI,1,SI
Código,ACTIVIDADES DE DESCONTAMINACIÓN Y OTROS SERVICIOS DE GESTIÓN DE DESECHOS,"Afecto a 
 IVA","Categoría 
 Tributaria",Disponible Internet
390000,ACTIVIDADES DE DESCONTAMINACIÓN Y OTROS SERVICIOS DE GESTIÓN DE DESECHOS,SI,1,SI
CONSTRUCCIÓN
Código,CONSTRUCCIÓN DE EDIFICIOS,"Afecto a 
 IVA","Categoría 
 Tributaria",Disponible Internet
410010,CONSTRUCCIÓN DE EDIFICIOS PARA USO RESIDENCIAL,SI,1,SI
410020,CONSTRUCCIÓN DE EDIFICIOS PARA USO NO RESIDENCIAL,SI,1,SI
Código,CONSTRUCCIÓN DE CARRETERAS Y LÍNEAS DE FERROCARRIL,"Afecto a 
 IVA","Categoría 
 Tributaria",Disponible Internet
421000,CONSTRUCCIÓN DE CARRETERAS Y LÍNEAS DE FERROCARRIL,SI,1,SI
Código,CONSTRUCCIÓN DE PROYECTOS DE SERVICIO PÚBLICO,"Afecto a 
 IVA","Categoría 
 Tributaria",Disponible Internet
422000,CONSTRUCCIÓN DE PROYECTOS DE SERVICIO PÚBLICO,SI,1,SI
Código,CONSTRUCCIÓN DE OTRAS OBRAS DE INGENIERÍA CIVIL,"Afecto a 
 IVA","Categoría 
 Tributaria",Disponible Internet
429000,CONSTRUCCIÓN DE OTRAS OBRAS DE INGENIERÍA CIVIL,SI,1,SI
Código,DEMOLICIÓN Y PREPARACIÓN DEL TERRENO,"Afecto a 
 IVA","Categoría 
 Tributaria",Disponible Internet
431100,DEMOLICIÓN,SI,1,SI
431200,PREPARACIÓN DEL TERRENO,SI,1,SI
Código,"INSTALACIONES ELÉCTRICAS, DE GASFITERÍA Y OTRAS INSTALACIONES PARA OBRAS DE CONSTRUCCIÓN","Afecto a 
 IVA","Categoría 
 Tributaria",Disponible Internet
432100,INSTALACIONES ELÉCTRICAS,SI,1,SI
432200,"INSTALACIONES DE GASFITERÍA, CALEFACCIÓN Y AIRE ACONDICIONADO",SI,1,SI
432900,OTRAS INSTALACIONES PARA OBRAS DE CONSTRUCCIÓN,SI,1,SI
Código,TERMINACIÓN Y ACABADO DE EDIFICIOS,"Afecto a 
 IVA","Categoría 
 Tributaria",Disponible Internet
433000,TERMINACIÓN Y ACABADO DE EDIFICIOS,SI,1,SI
Código,OTRAS ACTIVIDADES ESPECIALIZADAS DE CONSTRUCCIÓN,"Afecto a 
 IVA","Categoría 
 Tributaria",Disponible Internet
439000,OTRAS ACTIVIDADES ESPECIALIZADAS DE CONSTRUCCIÓN,SI,1,SI
COMERCIO AL POR MAYOR Y AL POR MENOR; REPARACIÓN DE VEHICULOS AUTOMOTORES Y MOTOCICLETAS
Código,VENTA DE VEHÍCULOS AUTOMOTORES,"Afecto a 
 IVA","Categoría 
 Tributaria",Disponible Internet
451001,VENTA AL POR MAYOR DE VEHÍCULOS AUTOMOTORES,SI,1,SI
451002,VENTA AL POR MENOR DE VEHÍCULOS AUTOMOTORES NUEVOS O USADOS (INCLUYE COMPRAVENTA),SI,1,SI
Código,MANTENIMIENTO Y REPARACIÓN DE VEHÍCULOS AUTOMOTORES,"Afecto a 
 IVA","Categoría 
 Tributaria",Disponible Internet
452001,SERVICIO DE LAVADO DE VEHÍCULOS AUTOMOTORES,G,1,SI
452002,MANTENIMIENTO Y REPARACIÓN DE VEHÍCULOS AUTOMOTORES,G,1,SI
Código,"VENTA DE PARTES, PIEZAS Y ACCESORIOS PARA VEHÍCULOS AUTOMOTORES","Afecto a 
 IVA","Categoría 
 Tributaria",Disponible Internet
453000,"VENTA DE PARTES, PIEZAS Y ACCESORIOS PARA VEHÍCULOS AUTOMOTORES",SI,1,SI
Código,"VENTA, MANTENIMIENTO Y REPARACIÓN DE MOTOCICLETAS Y SUS PARTES, PIEZAS Y ACCESORIOS","Afecto a 
 IVA","Categoría 
 Tributaria",Disponible Internet
454001,VENTA DE MOTOCICLETAS,SI,1,SI
454002,"VENTA DE PARTES, PIEZAS Y ACCESORIOS DE MOTOCICLETAS",SI,1,SI
454003,MANTENIMIENTO Y REPARACIÓN DE MOTOCICLETAS,G,1,SI
Código,VENTA AL POR MAYOR A CAMBIO DE UNA RETRIBUCIÓN O POR CONTRATA,"Afecto a 
 IVA","Categoría 
 Tributaria",Disponible Internet
461001,CORRETAJE AL POR MAYOR DE PRODUCTOS AGRÍCOLAS,SI,1,SI
461002,CORRETAJE AL POR MAYOR DE GANADO,SI,1,SI
461009,OTROS TIPOS DE CORRETAJES O REMATES AL POR MAYOR N.C.P.,SI,1,SI
Código,VENTA AL POR MAYOR DE MATERIAS PRIMAS AGROPECUARIAS Y ANIMALES VIVOS,"Afecto a 
 IVA","Categoría 
 Tributaria",Disponible Internet
462010,VENTA AL POR MAYOR DE MATERIAS PRIMAS AGRÍCOLAS,SI,1,SI
462020,VENTA AL POR MAYOR DE ANIMALES VIVOS,SI,1,SI
462090,VENTA AL POR MAYOR DE OTRAS MATERIAS PRIMAS AGROPECUARIAS N.C.P.,SI,1,SI
Código,"VENTA AL POR MAYOR DE ALIMENTOS, BEBIDAS Y TABACO","Afecto a 
 IVA","Categoría 
 Tributaria",Disponible Internet
463011,VENTA AL POR MAYOR DE FRUTAS Y VERDURAS,SI,1,SI
463012,VENTA AL POR MAYOR DE CARNE Y PRODUCTOS CÁRNICOS,SI,1,SI
463013,"VENTA AL POR MAYOR DE PRODUCTOS DEL MAR (PESCADOS, MARISCOS Y ALGAS)",SI,1,SI
463014,VENTA AL POR MAYOR DE PRODUCTOS DE CONFITERÍA,SI,1,SI
463019,"VENTA AL POR MAYOR DE HUEVOS, LÁCTEOS, ABARROTES Y DE OTROS ALIMENTOS N.C.P.",SI,1,SI
463020,VENTA AL POR MAYOR DE BEBIDAS ALCOHÓLICAS Y NO ALCOHÓLICAS,SI,1,SI
463030,VENTA AL POR MAYOR DE TABACO,SI,1,SI
Código,VENTA AL POR MAYOR DE ENSERES DOMÉSTICOS,"Afecto a 
 IVA","Categoría 
 Tributaria",Disponible Internet
464100,"VENTA AL POR MAYOR DE PRODUCTOS TEXTILES, PRENDAS DE VESTIR Y CALZADO",SI,1,SI
464901,"VENTA AL POR MAYOR DE MUEBLES, EXCEPTO MUEBLES DE OFICINA",SI,1,SI
464902,VENTA AL POR MAYOR DE ARTÍCULOS ELÉCTRICOS Y ELECTRÓNICOS PARA EL HOGAR,SI,1,SI
464903,"VENTA AL POR MAYOR DE ARTÍCULOS DE PERFUMERÍA, DE TOCADOR Y COSMÉTICOS",SI,1,SI
464904,VENTA AL POR MAYOR DE ARTÍCULOS DE PAPELERÍA Y ESCRITORIO,SI,1,SI
464905,VENTA AL POR MAYOR DE LIBROS,SI,1,SI
464906,VENTA AL POR MAYOR DE DIARIOS Y REVISTAS,SI,1,SI
464907,VENTA AL POR MAYOR DE PRODUCTOS FARMACÉUTICOS Y MEDICINALES,SI,1,SI
464908,VENTA AL POR MAYOR DE INSTRUMENTOS CIENTÍFICOS Y QUIRÚRGICOS,SI,1,SI
464909,VENTA AL POR MAYOR DE OTROS ENSERES DOMÉSTICOS N.C.P.,SI,1,SI
Código,"VENTA AL POR MAYOR DE MAQUINARIA, EQUIPO Y MATERIALES","Afecto a 
 IVA","Categoría 
 Tributaria",Disponible Internet
465100,"VENTA AL POR MAYOR DE COMPUTADORES, EQUIPO PERIFÉRICO Y PROGRAMAS INFORMÁTICOS",SI,1,SI
465200,"VENTA AL POR MAYOR DE EQUIPO, PARTES Y PIEZAS ELECTRÓNICOS Y DE TELECOMUNICACIONES",SI,1,SI
465300,"VENTA AL POR MAYOR DE MAQUINARIA, EQUIPO Y MATERIALES AGROPECUARIOS",SI,1,SI
465901,"VENTA AL POR MAYOR DE MAQUINARIA METALÚRGICA, PARA LA MINERÍA, EXTRACCIÓN DE PETRÓLEO Y CONSTRUCCIÓN",SI,1,SI
465902,"VENTA AL POR MAYOR DE MAQUINARIA PARA LA ELABORACIÓN DE ALIMENTOS, BEBIDAS Y TABACO",SI,1,SI
465903,"VENTA AL POR MAYOR DE MAQUINARIA PARA LA INDUSTRIA TEXTIL, DEL CUERO Y DEL CALZADO",SI,1,SI
465904,VENTA AL POR MAYOR DE MAQUINARIA Y EQUIPO DE OFICINA; VENTA AL POR MAYOR DE MUEBLES DE OFICINA,SI,1,SI
465905,"VENTA AL POR MAYOR DE EQUIPO DE TRANSPORTE(EXCEPTO VEHÍCULOS AUTOMOTORES, MOTOCICLETAS Y BICICLETAS)",SI,1,SI
465909,VENTA AL POR MAYOR DE OTROS TIPOS DE MAQUINARIA Y EQUIPO N.C.P.,SI,1,SI
Código,OTRAS ACTIVIDADES DE VENTA AL POR MAYOR ESPECIALIZADA,"Afecto a 
 IVA","Categoría 
 Tributaria",Disponible Internet
466100,"VENTA AL POR MAYOR DE COMBUSTIBLES SÓLIDOS, LÍQUIDOS Y GASEOSOS Y PRODUCTOS CONEXOS",SI,1,SI
466200,VENTA AL POR MAYOR DE METALES Y MINERALES METALÍFEROS,SI,1,SI
466301,VENTA AL POR MAYOR DE MADERA EN BRUTO Y PRODUCTOS PRIMARIOS DE LA ELABORACIÓN DE MADERA,SI,1,SI
466302,"VENTA AL POR MAYOR DE MATERIALES DE CONSTRUCCIÓN, ARTÍCULOS DE FERRETERÍA, GASFITERÍA Y CALEFACCIÓN",SI,1,SI
466901,VENTA AL POR MAYOR DE PRODUCTOS QUÍMICOS,SI,1,SI
466902,VENTA AL POR MAYOR DE DESECHOS METÁLICOS (CHATARRA),SI,1,SI
466909,"VENTA AL POR MAYOR DE DESPERDICIOS, DESECHOS Y OTROS PRODUCTOS N.C.P.",SI,1,NO
Código,VENTA AL POR MAYOR NO ESPECIALIZADA,"Afecto a 
 IVA","Categoría 
 Tributaria",Disponible Internet
469000,VENTA AL POR MAYOR NO ESPECIALIZADA,SI,1,NO
Código,VENTA AL POR MENOR EN COMERCIOS NO ESPECIALIZADOS,"Afecto a 
 IVA","Categoría 
 Tributaria",Disponible Internet
471100,"VENTA AL POR MENOR EN COMERCIOS DE ALIMENTOS, BEBIDAS O TABACO (SUPERMERCADOS E HIPERMERCADOS)",SI,1,SI
471910,VENTA AL POR MENOR EN COMERCIOS DE VESTUARIO Y PRODUCTOS PARA EL HOGAR (GRANDES TIENDAS),SI,1,SI
471990,OTRAS ACTIVIDADES DE VENTA AL POR MENOR EN COMERCIOS NO ESPECIALIZADOS N.C.P.,SI,1,SI
Código,"VENTA AL POR MENOR DE ALIMENTOS, BEBIDAS Y TABACO EN COMERCIOS ESPECIALIZADOS","Afecto a 
 IVA","Categoría 
 Tributaria",Disponible Internet
472101,VENTA AL POR MENOR DE ALIMENTOS EN COMERCIOS ESPECIALIZADOS (ALMACENES PEQUEÑOS Y MINIMARKET),SI,1,SI
472102,VENTA AL POR MENOR EN COMERCIOS ESPECIALIZADOS DE CARNE Y PRODUCTOS CÁRNICOS,SI,1,SI
472103,VENTA AL POR MENOR EN COMERCIOS ESPECIALIZADOS DE FRUTAS Y VERDURAS (VERDULERÍAS),SI,1,SI
472104,"VENTA AL POR MENOR EN COMERCIOS ESPECIALIZADOS DE PESCADO, MARISCOS Y PRODUCTOS CONEXOS",SI,1,SI
472105,VENTA AL POR MENOR EN COMERCIOS ESPECIALIZADOS DE PRODUCTOS DE PANADERÍA Y PASTELERÍA,SI,1,SI
472109,"VENTA AL POR MENOR EN COMERCIOS ESPECIALIZADOS DE HUEVOS, CONFITES Y PRODUCTOS ALIMENTICIOS N.C.P.",SI,1,SI
472200,VENTA AL POR MENOR DE BEBIDAS ALCOHÓLICAS Y NO ALCOHÓLICAS EN COMERCIOS ESPECIALIZADOS (BOTILLERÍAS),SI,1,SI
472300,VENTA AL POR MENOR DE TABACO Y PRODUCTOS DE TABACO EN COMERCIOS ESPECIALIZADOS,SI,1,SI
Código,VENTA AL POR MENOR DE COMBUSTIBLES PARA VEHÍCULOS AUTOMOTORES EN COMERCIOS ESPECIALIZADOS,"Afecto a 
 IVA","Categoría 
 Tributaria",Disponible Internet
473000,VENTA AL POR MENOR DE COMBUSTIBLES PARA VEHÍCULOS AUTOMOTORES EN COMERCIOS ESPECIALIZADOS,SI,1,SI
474100,"VENTA AL POR MENOR DE COMPUTADORES, EQUIPO PERIFÉRICO, PROGRAMAS INFORMÁTICOS Y EQUIPO DE TELECOM.",SI,1,SI
474200,VENTA AL POR MENOR DE EQUIPO DE SONIDO Y DE VIDEO EN COMERCIOS ESPECIALIZADOS,SI,1,SI
Código,VENTA AL POR MENOR DE OTROS ENSERES DOMÉSTICOS EN COMERCIOS ESPECIALIZADOS,"Afecto a 
 IVA","Categoría 
 Tributaria",Disponible Internet
475100,"VENTA AL POR MENOR DE TELAS, LANAS, HILOS Y SIMILARES EN COMERCIOS ESPECIALIZADOS",SI,1,SI
475201,VENTA AL POR MENOR DE ARTÍCULOS DE FERRETERÍA Y MATERIALES DE CONSTRUCCIÓN,SI,1,SI
475202,"VENTA AL POR MENOR DE PINTURAS, BARNICES Y LACAS EN COMERCIOS ESPECIALIZADOS",SI,1,SI
475203,VENTA AL POR MENOR DE PRODUCTOS DE VIDRIO EN COMERCIOS ESPECIALIZADOS,SI,1,SI
475300,"VENTA AL POR MENOR DE TAPICES, ALFOMBRAS Y CUBRIMIENTOS PARA PAREDES Y PISOS",SI,1,SI
475901,VENTA AL POR MENOR DE MUEBLES Y COLCHONES EN COMERCIOS ESPECIALIZADOS,SI,1,SI
475902,VENTA AL POR MENOR DE INSTRUMENTOS MUSICALES EN COMERCIOS ESPECIALIZADOS,SI,1,SI
475909,"VENTA AL POR MENOR DE APARATOS ELÉCTRICOS, TEXTILES PARA EL HOGAR Y OTROS ENSERES DOMÉSTICOS N.C.P.",SI,1,SI
Código,VENTA AL POR MENOR DE PRODUCTOS CULTURALES Y RECREATIVOS EN COMERCIOS ESPECIALIZADOS,"Afecto a 
 IVA","Categoría 
 Tributaria",Disponible Internet
476101,VENTA AL POR MENOR DE LIBROS EN COMERCIOS ESPECIALIZADOS,SI,1,SI
476102,VENTA AL POR MENOR DE DIARIOS Y REVISTAS EN COMERCIOS ESPECIALIZADOS,SI,1,SI
476103,VENTA AL POR MENOR DE ARTÍCULOS DE PAPELERÍA Y ESCRITORIO EN COMERCIOS ESPECIALIZADOS,SI,1,SI
476200,VENTA AL POR MENOR DE GRABACIONES DE MÚSICA Y DE VIDEO EN COMERCIOS ESPECIALIZADOS,SI,1,SI
476301,VENTA AL POR MENOR DE ARTÍCULOS DE CAZA Y PESCA EN COMERCIOS ESPECIALIZADOS,SI,1,SI
476302,VENTA AL POR MENOR DE BICICLETAS Y SUS REPUESTOS EN COMERCIOS ESPECIALIZADOS,SI,1,SI
476309,VENTA AL POR MENOR DE OTROS ARTÍCULOS Y EQUIPOS DE DEPORTE N.C.P.,SI,1,SI
476400,VENTA AL POR MENOR DE JUEGOS Y JUGUETES EN COMERCIOS ESPECIALIZADOS,SI,1,SI
Código,VENTA AL POR MENOR DE OTROS PRODUCTOS EN COMERCIOS ESPECIALIZADOS,"Afecto a 
 IVA","Categoría 
 Tributaria",Disponible Internet
477101,VENTA AL POR MENOR DE CALZADO EN COMERCIOS ESPECIALIZADOS,SI,1,SI
477102,VENTA AL POR MENOR DE PRENDAS Y ACCESORIOS DE VESTIR EN COMERCIOS ESPECIALIZADOS,SI,1,SI
477103,"VENTA AL POR MENOR DE CARTERAS, MALETAS Y OTROS ACCESORIOS DE VIAJE EN COMERCIOS ESPECIALIZADOS",SI,1,SI
477201,VENTA AL POR MENOR DE PRODUCTOS FARMACÉUTICOS Y MEDICINALES EN COMERCIOS ESPECIALIZADOS,SI,1,SI
477202,VENTA AL POR MENOR DE ARTÍCULOS ORTOPÉDICOS EN COMERCIOS ESPECIALIZADOS,SI,1,SI
477203,"VENTA AL POR MENOR DE ARTÍCULOS DE PERFUMERÍA, DE TOCADOR Y COSMÉTICOS EN COMERCIOS ESPECIALIZADOS",SI,1,SI
477310,VENTA AL POR MENOR DE GAS LICUADO EN BOMBONAS (CILINDROS) EN COMERCIOS ESPECIALIZADOS,SI,1,SI
477391,VENTA AL POR MENOR DE ALIMENTO Y ACCESORIOS PARA MASCOTAS EN COMERCIOS ESPECIALIZADOS,SI,1,SI
477392,VENTA AL POR MENOR DE ARMAS Y MUNICIONES EN COMERCIOS ESPECIALIZADOS,SI,1,SI
477393,VENTA AL POR MENOR DE ARTÍCULOS ÓPTICOS EN COMERCIOS ESPECIALIZADOS,SI,1,SI
477394,"VENTA AL POR MENOR DE ARTÍCULOS DE JOYERÍA, BISUTERÍA Y RELOJERÍA EN COMERCIOS ESPECIALIZADOS",SI,1,SI
477395,"VENTA AL POR MENOR DE CARBÓN, LEÑA Y OTROS COMBUSTIBLES DE USO DOMÉSTICO EN COMERCIOS ESPECIALIZADOS",SI,1,SI
477396,"VENTA AL POR MENOR DE RECUERDOS, ARTESANÍAS Y ARTÍCULOS RELIGIOSOS EN COMERCIOS ESPECIALIZADOS",SI,1,SI
477397,"VENTA AL POR MENOR DE FLORES, PLANTAS, ARBOLES, SEMILLAS Y ABONOS EN COMERCIOS ESPECIALIZADOS",SI,1,SI
477398,VENTA AL POR MENOR DE MASCOTAS EN COMERCIOS ESPECIALIZADOS,SI,1,SI
477399,VENTA AL POR MENOR DE OTROS PRODUCTOS EN COMERCIOS ESPECIALIZADOS N.C.P.,SI,1,SI
477401,VENTA AL POR MENOR DE ANTIGÜEDADES EN COMERCIOS,SI,1,SI
477402,VENTA AL POR MENOR DE ROPA USADA EN COMERCIOS,SI,1,SI
477409,VENTA AL POR MENOR DE OTROS ARTÍCULOS DE SEGUNDA MANO EN COMERCIOS N.C.P.,SI,1,SI
Código,VENTA AL POR MENOR EN PUESTOS DE VENTA Y MERCADOS,"Afecto a 
 IVA","Categoría 
 Tributaria",Disponible Internet
478100,"VENTA AL POR MENOR DE ALIMENTOS, BEBIDAS Y TABACO EN PUESTOS DE VENTA Y MERCADOS (INCLUYE FERIAS)",SI,1,SI
478200,"VENTA AL POR MENOR DE PRODUCTOS TEXTILES, PRENDAS DE VESTIR Y CALZADO EN PUESTOS DE VENTA Y MERCADOS",SI,1,SI
478900,VENTA AL POR MENOR DE OTROS PRODUCTOS EN PUESTOS DE VENTA Y MERCADOS (INCLUYE FERIAS),SI,1,SI
Código,"VENTA AL POR MENOR NO REALIZADA EN COMERCIOS, PUESTOS DE VENTA O MERCADOS","Afecto a 
 IVA","Categoría 
 Tributaria",Disponible Internet
479100,"VENTA AL POR MENOR POR CORREO, POR INTERNET Y VÍA TELEFÓNICA",SI,1,SI
479901,VENTA AL POR MENOR REALIZADA POR INDEPENDIENTES EN LA LOCOMOCIÓN COLECTIVA (LEY 20.388),SI,1,SI
479902,VENTA AL POR MENOR MEDIANTE MAQUINAS EXPENDEDORAS,SI,1,SI
479903,VENTA AL POR MENOR POR COMISIONISTAS (NO DEPENDIENTES DE COMERCIOS),SI,1,SI
479909,"OTRAS ACTIVIDADES DE VENTA POR MENOR NO REALIZADAS EN COMERCIOS, PUESTOS DE VENTA O MERCADOS N.C.P.",SI,1,SI
TRANSPORTE Y ALMACENAMIENTO
Código,TRANSPORTE POR FERROCARRIL,"Afecto a 
 IVA","Categoría 
 Tributaria",Disponible Internet
491100,TRANSPORTE INTERURBANO DE PASAJEROS POR FERROCARRIL,NO,1,SI
491200,TRANSPORTE DE CARGA POR FERROCARRIL,SI,1,SI
Código,OTRAS ACTIVIDADES DE TRANSPORTE POR VÍA TERRESTRE,"Afecto a 
 IVA","Categoría 
 Tributaria",Disponible Internet
492110,TRANSPORTE URBANO Y SUBURBANO DE PASAJEROS VÍA METRO Y METROTREN,NO,1,SI
492120,TRANSPORTE URBANO Y SUBURBANO DE PASAJEROS VÍA LOCOMOCIÓN COLECTIVA,NO,1,SI
492130,TRANSPORTE DE PASAJEROS VÍA TAXI COLECTIVO,NO,1,SI
492190,OTRAS ACTIVIDADES DE TRANSPORTE URBANO Y SUBURBANO DE PASAJEROS POR VÍA TERRESTRE N.C.P.,NO,1,SI
492210,SERVICIOS DE TRANSPORTE DE ESCOLARES,NO,1,SI
492220,SERVICIOS DE TRANSPORTE DE TRABAJADORES,NO,1,SI
492230,SERVICIOS DE TRANSPORTE DE PASAJEROS EN TAXIS LIBRES Y RADIOTAXIS,NO,1,SI
492240,SERVICIOS DE TRANSPORTE A TURISTAS,NO,1,SI
492250,TRANSPORTE DE PASAJEROS EN BUSES INTERURBANOS,NO,1,SI
492290,OTRAS ACTIVIDADES DE TRANSPORTE DE PASAJEROS POR VÍA TERRESTRE N.C.P.,NO,1,SI
492300,TRANSPORTE DE CARGA POR CARRETERA,SI,1,SI
Código,TRANSPORTE POR TUBERÍAS,"Afecto a 
 IVA","Categoría 
 Tributaria",Disponible Internet
493010,TRANSPORTE POR OLEODUCTOS,SI,1,SI
493020,TRANSPORTE POR GASODUCTOS,SI,1,SI
493090,OTRAS ACTIVIDADES DE TRANSPORTE POR TUBERÍAS N.C.P.,SI,1,SI
Código,TRANSPORTE MARÍTIMO Y DE CABOTAJE,"Afecto a 
 IVA","Categoría 
 Tributaria",Disponible Internet
501100,TRANSPORTE DE PASAJEROS MARÍTIMO Y DE CABOTAJE,NO,1,SI
501200,TRANSPORTE DE CARGA MARÍTIMO Y DE CABOTAJE,SI,1,SI
Código,TRANSPORTE POR VÍAS DE NAVEGACIÓN INTERIORES,"Afecto a 
 IVA","Categoría 
 Tributaria",Disponible Internet
502100,TRANSPORTE DE PASAJEROS POR VÍAS DE NAVEGACIÓN INTERIORES,NO,1,SI
502200,TRANSPORTE DE CARGA POR VÍAS DE NAVEGACIÓN INTERIORES,SI,1,SI
Código,TRANSPORTE DE PASAJEROS POR VÍA AÉREA,"Afecto a 
 IVA","Categoría 
 Tributaria",Disponible Internet
511000,TRANSPORTE DE PASAJEROS POR VÍA AÉREA,NO,1,SI
Código,TRANSPORTE DE CARGA POR VÍA AÉREA,"Afecto a 
 IVA","Categoría 
 Tributaria",Disponible Internet
512000,TRANSPORTE DE CARGA POR VÍA AÉREA,SI,1,SI
Código,ALMACENAMIENTO Y DEPÓSITO,"Afecto a 
 IVA","Categoría 
 Tributaria",Disponible Internet
521001,EXPLOTACIÓN DE FRIGORÍFICOS PARA ALMACENAMIENTO Y DEPÓSITO,SI,1,SI
521009,OTROS SERVICIOS DE ALMACENAMIENTO Y DEPÓSITO N.C.P.,SI,1,SI
Código,ACTIVIDADES DE APOYO AL TRANSPORTE,"Afecto a 
 IVA","Categoría 
 Tributaria",Disponible Internet
522110,EXPLOTACIÓN DE TERMINALES TERRESTRES DE PASAJEROS,SI,1,SI
522120,EXPLOTACIÓN DE ESTACIONAMIENTOS DE VEHÍCULOS AUTOMOTORES Y PARQUÍMETROS,SI,1,SI
522130,SERVICIOS PRESTADOS POR CONCESIONARIOS DE CARRETERAS,SI,1,SI
522190,ACTIVIDADES DE SERVICIOS VINCULADAS AL TRANSPORTE TERRESTRE N.C.P.,SI,1,SI
522200,ACTIVIDADES DE SERVICIOS VINCULADAS AL TRANSPORTE ACUÁTICO,SI,1,SI
522300,ACTIVIDADES DE SERVICIOS VINCULADAS AL TRANSPORTE AÉREO,SI,1,SI
522400,MANIPULACIÓN DE LA CARGA,SI,1,SI
522910,AGENCIAS DE ADUANAS,G,1,SI
522920,AGENCIAS DE NAVES,G,1,SI
522990,OTRAS ACTIVIDADES DE APOYO AL TRANSPORTE N.C.P.,G,1,SI
Código,ACTIVIDADES POSTALES,"Afecto a 
 IVA","Categoría 
 Tributaria",Disponible Internet
531000,ACTIVIDADES POSTALES,G,1,SI
Código,ACTIVIDADES DE MENSAJERÍA,"Afecto a 
 IVA","Categoría 
 Tributaria",Disponible Internet
532000,ACTIVIDADES DE MENSAJERÍA,G,1,SI
ACTIVIDADES DE ALOJAMIENTO Y DE SERVICIO DE COMIDAS
Código,ACTIVIDADES DE ALOJAMIENTO PARA ESTANCIAS CORTAS,"Afecto a 
 IVA","Categoría 
 Tributaria",Disponible Internet
551001,ACTIVIDADES DE HOTELES,SI,1,SI
551002,ACTIVIDADES DE MOTELES,SI,1,SI
551003,ACTIVIDADES DE RESIDENCIALES PARA TURISTAS,SI,1,SI
551009,OTRAS ACTIVIDADES DE ALOJAMIENTO PARA TURISTAS N.C.P.,SI,1,SI
Código,"ACTIVIDADES DE CAMPAMENTOS, PARQUES DE VEHÍCULOS DE RECREO Y PARQUES DE CARAVANAS","Afecto a 
 IVA","Categoría 
 Tributaria",Disponible Internet
552000,ACTIVIDADES DE CAMPING Y DE PARQUES PARA CASAS RODANTES,SI,1,SI
Código,OTRAS ACTIVIDADES DE ALOJAMIENTO,"Afecto a 
 IVA","Categoría 
 Tributaria",Disponible Internet
559001,ACTIVIDADES DE RESIDENCIALES PARA ESTUDIANTES Y TRABAJADORES,SI,1,SI
559009,OTRAS ACTIVIDADES DE ALOJAMIENTO N.C.P.,SI,1,SI
Código,ACTIVIDADES DE RESTAURANTES Y DE SERVICIO MÓVIL DE COMIDAS,"Afecto a 
 IVA","Categoría 
 Tributaria",Disponible Internet
561000,ACTIVIDADES DE RESTAURANTES Y DE SERVICIO MÓVIL DE COMIDAS,SI,1,SI
Código,SUMINISTRO DE COMIDAS POR ENCARGO Y OTRAS ACTIVIDADES DE SERVICIO DE COMIDAS,"Afecto a 
 IVA","Categoría 
 Tributaria",Disponible Internet
562100,SUMINISTRO DE COMIDAS POR ENCARGO (SERVICIOS DE BANQUETERÍA),SI,1,SI
562900,SUMINISTRO INDUSTRIAL DE COMIDAS POR ENCARGO; CONCESIÓN DE SERVICIOS DE ALIMENTACIÓN,SI,1,SI
Código,ACTIVIDADES DE SERVICIO DE BEBIDAS,"Afecto a 
 IVA","Categoría 
 Tributaria",Disponible Internet
563001,"ACTIVIDADES DE DISCOTECAS Y CABARET (NIGHT CLUB), CON PREDOMINIO DEL SERVICIO DE BEBIDAS",SI,1,SI
563009,OTRAS ACTIVIDADES DE SERVICIO DE BEBIDAS N.C.P.,SI,1,SI
INFORMACIÓN Y COMUNICACIONES
Código,EDICIÓN DE LIBROS Y PUBLICACIONES PERIÓDICAS Y OTRAS ACTIVIDADES DE EDICIÓN,"Afecto a 
 IVA","Categoría 
 Tributaria",Disponible Internet
581100,EDICIÓN DE LIBROS,SI,1,SI
581200,EDICIÓN DE DIRECTORIOS Y LISTAS DE CORREO,SI,1,SI
581300,"EDICIÓN DE DIARIOS, REVISTAS Y OTRAS PUBLICACIONES PERIÓDICAS",SI,1,SI
581900,OTRAS ACTIVIDADES DE EDICIÓN,SI,1,SI
Código,EDICIÓN DE PROGRAMAS INFORMÁTICOS,"Afecto a 
 IVA","Categoría 
 Tributaria",Disponible Internet
582000,EDICIÓN DE PROGRAMAS INFORMÁTICOS,SI,1,SI
Código,"ACTIVIDADES DE PRODUCCIÓN DE PELÍCULAS CINEMATOGRÁFICAS, VIDEOS Y PROGRAMAS DE TELEVISIÓN","Afecto a 
 IVA","Categoría 
 Tributaria",Disponible Internet
591100,"ACTIVIDADES DE PRODUCCIÓN DE PELÍCULAS CINEMATOGRÁFICAS, VIDEOS Y PROGRAMAS DE TELEVISIÓN",G,1,SI
591200,"ACTIVIDADES DE POSTPRODUCCIÓN DE PELÍCULAS CINEMATOGRÁFICAS, VIDEOS Y PROGRAMAS DE TELEVISIÓN",G,1,SI
591300,"ACTIVIDADES DE DISTRIBUCIÓN DE PELÍCULAS CINEMATOGRÁFICAS, VIDEOS Y PROGRAMAS DE TELEVISIÓN",SI,1,SI
591400,ACTIVIDADES DE EXHIBICIÓN DE PELÍCULAS CINEMATOGRÁFICAS Y CINTAS DE VIDEO,SI,1,SI
Código,ACTIVIDADES DE GRABACIÓN DE SONIDO Y EDICIÓN DE MÚSICA,"Afecto a 
 IVA","Categoría 
 Tributaria",Disponible Internet
592000,ACTIVIDADES DE GRABACIÓN DE SONIDO Y EDICIÓN DE MÚSICA,SI,1,SI
Código,TRANSMISIONES DE RADIO,"Afecto a 
 IVA","Categoría 
 Tributaria",Disponible Internet
601000,TRANSMISIONES DE RADIO,G,1,SI
Código,PROGRAMACIÓN Y TRANSMISIONES DE TELEVISIÓN,"Afecto a 
 IVA","Categoría 
 Tributaria",Disponible Internet
602000,PROGRAMACIÓN Y TRANSMISIONES DE TELEVISIÓN,G,1,SI
Código,ACTIVIDADES DE TELECOMUNICACIONES ALÁMBRICAS,"Afecto a 
 IVA","Categoría 
 Tributaria",Disponible Internet
611010,TELEFONÍA FIJA,SI,1,SI
611020,TELEFONÍA LARGA DISTANCIA,SI,1,SI
611030,TELEVISIÓN DE PAGO POR CABLE,SI,1,SI
611090,OTROS SERVICIOS DE TELECOMUNICACIONES ALÁMBRICAS N.C.P.,SI,1,SI
Código,ACTIVIDADES DE TELECOMUNICACIONES INALÁMBRICAS,"Afecto a 
 IVA","Categoría 
 Tributaria",Disponible Internet
612010,TELEFONÍA MÓVIL CELULAR,SI,1,SI
612020,RADIOCOMUNICACIONES MÓVILES,SI,1,SI
612030,TELEVISIÓN DE PAGO INALÁMBRICA,SI,1,SI
612090,OTROS SERVICIOS DE TELECOMUNICACIONES INALÁMBRICAS N.C.P.,SI,1,SI
Código,ACTIVIDADES DE TELECOMUNICACIONES POR SATÉLITE,"Afecto a 
 IVA","Categoría 
 Tributaria",Disponible Internet
613010,TELEFONÍA MÓVIL SATELITAL,SI,1,SI
613020,TELEVISIÓN DE PAGO SATELITAL,SI,1,SI
613090,OTROS SERVICIOS DE TELECOMUNICACIONES POR SATÉLITE N.C.P.,SI,1,SI
Código,OTRAS ACTIVIDADES DE TELECOMUNICACIONES,"Afecto a 
 IVA","Categoría 
 Tributaria",Disponible Internet
619010,CENTROS DE LLAMADOS Y CENTROS DE ACCESO A INTERNET,SI,1,SI
619090,OTRAS ACTIVIDADES DE TELECOMUNICACIONES N.C.P.,SI,1,SI
Código,"ACTIVIDADES DE PROGRAMACIÓN INFORMÁTICA, CONSULTORÍA INFORMÁTICA Y ACTIVIDADES CONEXAS","Afecto a 
 IVA","Categoría 
 Tributaria",Disponible Internet
620100,ACTIVIDADES DE PROGRAMACIÓN INFORMÁTICA,NO,2,SI
620200,ACTIVIDADES DE CONSULTORÍA DE INFORMÁTICA Y DE GESTIÓN DE INSTALACIONES INFORMÁTICAS,G,1,SI
620900,OTRAS ACTIVIDADES DE TECNOLOGÍA DE LA INFORMACIÓN Y DE SERVICIOS INFORMÁTICOS,G,1,SI
Código,"PROCESAMIENTO DE DATOS, HOSPEDAJE Y ACTIVIDADES CONEXAS; PORTALES WEB","Afecto a 
 IVA","Categoría 
 Tributaria",Disponible Internet
631100,"PROCESAMIENTO DE DATOS, HOSPEDAJE Y ACTIVIDADES CONEXAS",G,1,SI
631200,PORTALES WEB,G,1,SI
Código,OTRAS ACTIVIDADES DE SERVICIOS DE INFORMACIÓN,"Afecto a 
 IVA","Categoría 
 Tributaria",Disponible Internet
639100,ACTIVIDADES DE AGENCIAS DE NOTICIAS,G,1,SI
639900,OTRAS ACTIVIDADES DE SERVICIOS DE INFORMACIÓN N.C.P.,SI,1,SI
ACTIVIDADES FINANCIERAS Y DE SEGUROS
Código,INTERMEDIACIÓN MONETARIA,"Afecto a 
 IVA","Categoría 
 Tributaria",Disponible Internet
641100,BANCA CENTRAL,SI,1,NO
641910,ACTIVIDADES BANCARIAS,SI,1,NO
641990,OTROS TIPOS DE INTERMEDIACIÓN MONETARIA N.C.P.,SI,1,SI
Código,ACTIVIDADES DE SOCIEDADES DE CARTERA,"Afecto a 
 IVA","Categoría 
 Tributaria",Disponible Internet
642000,ACTIVIDADES DE SOCIEDADES DE CARTERA,NO,1,SI
Código,FONDOS Y SOCIEDADES DE INVERSIÓN Y ENTIDADES FINANCIERAS SIMILARES,"Afecto a 
 IVA","Categoría 
 Tributaria",Disponible Internet
643000,FONDOS Y SOCIEDADES DE INVERSIÓN Y ENTIDADES FINANCIERAS SIMILARES,NO,1,SI
Código,"OTRAS ACTIVIDADES DE SERVICIOS FINANCIEROS, EXCEPTO LAS DE SEGUROS Y FONDOS DE PENSIONES","Afecto a 
 IVA","Categoría 
 Tributaria",Disponible Internet
649100,LEASING FINANCIERO,SI,1,SI
649201,FINANCIERAS,SI,1,SI
649202,ACTIVIDADES DE CRÉDITO PRENDARIO,SI,1,SI
649203,CAJAS DE COMPENSACIÓN,G,1,SI
649209,OTRAS ACTIVIDADES DE CONCESIÓN DE CRÉDITO N.C.P.,SI,1,SI
649900,"OTRAS ACTIVIDADES DE SERVICIOS FINANCIEROS, EXCEPTO LAS DE SEGUROS Y FONDOS DE PENSIONES N.C.P.",SI,1,SI
Código,SEGUROS,"Afecto a 
 IVA","Categoría 
 Tributaria",Disponible Internet
651100,SEGUROS DE VIDA,SI,1,NO
651210,"SEGUROS GENERALES, EXCEPTO ACTIVIDADES DE ISAPRES",SI,1,NO
651220,ACTIVIDADES DE ISAPRES,SI,1,NO
Código,REASEGUROS,"Afecto a 
 IVA","Categoría 
 Tributaria",Disponible Internet
652000,REASEGUROS,SI,1,NO
Código,FONDOS DE PENSIONES,"Afecto a 
 IVA","Categoría 
 Tributaria",Disponible Internet
653000,FONDOS DE PENSIONES,SI,1,NO
Código,"ACTIVIDADES AUXILIARES DE SERVICIOS FINANCIEROS, EXCEPTO LAS DE SEGUROS Y FONDOS DE PENSIONES","Afecto a 
 IVA","Categoría 
 Tributaria",Disponible Internet
661100,ADMINISTRACIÓN DE MERCADOS FINANCIEROS,SI,1,SI
661201,ACTIVIDADES DE SECURITIZADORAS,SI,1,NO
661202,CORREDORES DE BOLSA,SI,1,SI
661203,AGENTES DE VALORES,SI,1,SI
661204,ACTIVIDADES DE CASAS DE CAMBIO Y OPERADORES DE DIVISA,G,1,SI
661209,OTROS SERVICIOS DE CORRETAJE DE VALORES Y COMMODITIES N.C.P.,SI,1,SI
661901,ACTIVIDADES DE CÁMARAS DE COMPENSACIÓN,SI,1,SI
661902,ADMINISTRACIÓN DE TARJETAS DE CRÉDITO,SI,1,SI
661903,EMPRESAS DE ASESORÍA Y CONSULTORÍA EN INVERSIÓN FINANCIERA; SOCIEDADES DE APOYO AL GIRO,G,1,SI
661904,ACTIVIDADES DE CLASIFICADORAS DE RIESGO,SI,1,SI
661909,OTRAS ACTIVIDADES AUXILIARES DE LAS ACTIVIDADES DE SERVICIOS FINANCIEROS N.C.P.,SI,1,SI
Código,ACTIVIDADES AUXILIARES DE LAS ACTIVIDADES DE SEGUROS Y FONDOS DE PENSIONES,"Afecto a 
 IVA","Categoría 
 Tributaria",Disponible Internet
662100,EVALUACIÓN DE RIESGOS Y DAÑOS (INCLUYE ACTIVIDADES DE LIQUIDADORES DE SEGUROS),NO,2,SI
662200,ACTIVIDADES DE AGENTES Y CORREDORES DE SEGUROS,G,1,SI
662900,OTRAS ACTIVIDADES AUXILIARES DE LAS ACTIVIDADES DE SEGUROS Y FONDOS DE PENSIONES,G,G,SI
Código,ACTIVIDADES DE GESTIÓN DE FONDOS,"Afecto a 
 IVA","Categoría 
 Tributaria",Disponible Internet
663010,ADMINISTRADORAS DE FONDOS DE PENSIONES (AFP),SI,1,NO
663091,ADMINISTRADORAS DE FONDOS DE INVERSIÓN,SI,1,SI
663092,ADMINISTRADORAS DE FONDOS MUTUOS,SI,1,SI
663093,ADMINISTRADORAS DE FICES (FONDOS DE INVERSIÓN DE CAPITAL EXTRANJERO),SI,1,SI
663094,ADMINISTRADORAS DE FONDOS PARA LA VIVIENDA,SI,1,SI
663099,ADMINISTRADORAS DE FONDOS PARA OTROS FINES N.C.P.,SI,1,SI
ACTIVIDADES INMOBILIARIAS
Código,ACTIVIDADES INMOBILIARIAS REALIZADAS CON BIENES PROPIOS O ARRENDADOS,"Afecto a 
 IVA","Categoría 
 Tributaria",Disponible Internet
681011,ALQUILER DE BIENES INMUEBLES AMOBLADOS O CON EQUIPOS Y MAQUINARIAS,SI,1,SI
681012,"COMPRA, VENTA Y ALQUILER (EXCEPTO AMOBLADOS) DE INMUEBLES",G,1,SI
681020,SERVICIOS IMPUTADOS DE ALQUILER DE VIVIENDAS,G,1,SI
Código,ACTIVIDADES INMOBILIARIAS REALIZADAS A CAMBIO DE UNA RETRIBUCIÓN O POR CONTRATA,"Afecto a 
 IVA","Categoría 
 Tributaria",Disponible Internet
682000,ACTIVIDADES INMOBILIARIAS REALIZADAS A CAMBIO DE UNA RETRIBUCIÓN O POR CONTRATA,G,G,SI
"ACTIVIDADES PROFESIONALES, CIENTIFICAS Y TÉCNICAS"
Código,ACTIVIDADES JURÍDICAS,"Afecto a 
 IVA","Categoría 
 Tributaria",Disponible Internet
691001,SERVICIOS DE ASESORAMIENTO Y REPRESENTACIÓN JURÍDICA,NO,2,SI
691002,SERVICIO NOTARIAL,NO,2,NO
691003,CONSERVADOR DE BIENES RAÍCES,NO,2,NO
691004,RECEPTORES JUDICIALES,NO,2,SI
691009,SERVICIOS DE ARBITRAJE; SÍNDICOS DE QUIEBRA Y PERITOS JUDICIALES; OTRAS ACTIVIDADES JURÍDICAS N.C.P.,NO,2,SI
Código,"ACTIVIDADES DE CONTABILIDAD, TENEDURÍA DE LIBROS Y AUDITORÍA; CONSULTORÍA FISCAL","Afecto a 
 IVA","Categoría 
 Tributaria",Disponible Internet
692000,"ACTIVIDADES DE CONTABILIDAD, TENEDURÍA DE LIBROS Y AUDITORÍA; CONSULTORÍA FISCAL",NO,2,SI
Código,ACTIVIDADES DE OFICINAS PRINCIPALES,"Afecto a 
 IVA","Categoría 
 Tributaria",Disponible Internet
701000,ACTIVIDADES DE OFICINAS PRINCIPALES,G,G,SI
Código,ACTIVIDADES DE CONSULTORÍA DE GESTIÓN,"Afecto a 
 IVA","Categoría 
 Tributaria",Disponible Internet
702000,ACTIVIDADES DE CONSULTORÍA DE GESTIÓN,G,G,SI
Código,ACTIVIDADES DE ARQUITECTURA E INGENIERÍA Y ACTIVIDADES CONEXAS DE CONSULTORÍA TÉCNICA,"Afecto a 
 IVA","Categoría 
 Tributaria",Disponible Internet
711001,"SERVICIOS DE ARQUITECTURA (DISEÑO DE EDIFICIOS, DIBUJO DE PLANOS DE CONSTRUCCIÓN, ENTRE OTROS)",NO,2,SI
711002,EMPRESAS DE SERVICIOS DE INGENIERÍA Y ACTIVIDADES CONEXAS DE CONSULTORÍA TÉCNICA,SI,1,SI
711003,SERVICIOS PROFESIONALES DE INGENIERÍA Y ACTIVIDADES CONEXAS DE CONSULTORÍA TÉCNICA,NO,2,SI
Código,ENSAYOS Y ANÁLISIS TÉCNICOS,"Afecto a 
 IVA","Categoría 
 Tributaria",Disponible Internet
712001,ACTIVIDADES DE PLANTAS DE REVISIÓN TÉCNICA PARA VEHÍCULOS AUTOMOTORES,SI,1,SI
712009,OTROS SERVICIOS DE ENSAYOS Y ANÁLISIS TÉCNICOS (EXCEPTO ACTIVIDADES DE PLANTAS DE REVISIÓN TÉCNICA),G,1,SI
Código,INVESTIGACIONES Y DESARROLLO EXPERIMENTAL EN EL CAMPO DE LAS CIENCIAS NATURALES Y LA INGENIERÍA,"Afecto a 
 IVA","Categoría 
 Tributaria",Disponible Internet
721000,INVESTIGACIONES Y DESARROLLO EXPERIMENTAL EN EL CAMPO DE LAS CIENCIAS NATURALES Y LA INGENIERÍA,G,1,SI
Código,INVESTIGACIONES Y DESARROLLO EXPERIMENTAL EN EL CAMPO DE LAS CIENCIAS SOCIALES Y LAS HUMANIDADES,"Afecto a 
 IVA","Categoría 
 Tributaria",Disponible Internet
722000,INVESTIGACIONES Y DESARROLLO EXPERIMENTAL EN EL CAMPO DE LAS CIENCIAS SOCIALES Y LAS HUMANIDADES,G,1,SI
Código,PUBLICIDAD,"Afecto a 
 IVA","Categoría 
 Tributaria",Disponible Internet
731001,SERVICIOS DE PUBLICIDAD PRESTADOS POR EMPRESAS,SI,1,SI
731002,SERVICIOS DE PUBLICIDAD PRESTADOS POR PROFESIONALES,NO,2,SI
Código,ESTUDIOS DE MERCADO Y ENCUESTAS DE OPINIÓN PÚBLICA,"Afecto a 
 IVA","Categoría 
 Tributaria",Disponible Internet
732000,ESTUDIOS DE MERCADO Y ENCUESTAS DE OPINIÓN PÚBLICA,G,G,S
Código,ACTIVIDADES ESPECIALIZADAS DE DISEÑO,"Afecto a 
 IVA","Categoría 
 Tributaria",Disponible Internet
741001,ACTIVIDADES DE DISEÑO DE VESTUARIO,G,G,SI
741002,ACTIVIDADES DE DISEÑO Y DECORACIÓN DE INTERIORES,G,G,SI
741009,OTRAS ACTIVIDADES ESPECIALIZADAS DE DISEÑO N.C.P.,G,G,SI
Código,ACTIVIDADES DE FOTOGRAFÍA,"Afecto a 
 IVA","Categoría 
 Tributaria",Disponible Internet
742001,"SERVICIOS DE REVELADO, IMPRESIÓN Y AMPLIACIÓN DE FOTOGRAFÍAS",SI,1,SI
742002,SERVICIOS Y ACTIVIDADES DE FOTOGRAFÍA,G,G,SI
742003,SERVICIOS PERSONALES DE FOTOGRAFÍA,NO,2,SI
Código,"OTRAS ACTIVIDADES PROFESIONALES, CIENTÍFICAS Y TÉCNICAS N.C.P.","Afecto a 
 IVA","Categoría 
 Tributaria",Disponible Internet
749001,ASESORÍA Y GESTIÓN EN LA COMPRA O VENTA DE PEQUEÑAS Y MEDIANAS EMPRESAS,G,1,SI
749002,SERVICIOS DE TRADUCCIÓN E INTERPRETACIÓN PRESTADOS POR EMPRESAS,NO,1,SI
749003,SERVICIOS PERSONALES DE TRADUCCIÓN E INTERPRETACIÓN,NO,2,SI
749004,"ACTIVIDADES DE AGENCIAS Y AGENTES DE REPRESENTACIÓN DE ACTORES, DEPORTISTAS Y OTRAS FIGURAS PÚBLICAS",SI,1,SI
749009,"OTRAS ACTIVIDADES PROFESIONALES, CIENTÍFICAS Y TÉCNICAS N.C.P.",NO,2,SI
Código,ACTIVIDADES VETERINARIAS,"Afecto a 
 IVA","Categoría 
 Tributaria",Disponible Internet
750001,ACTIVIDADES DE CLÍNICAS VETERINARIAS,G,1,SI
750002,"ACTIVIDADES DE VETERINARIOS, TÉCNICOS Y OTRO PERSONAL AUXILIAR, PRESTADOS DE FORMA INDEPENDIENTE",NO,2,SI
ACTIVIDADES DE SERVICIOS ADMINISTRATIVOS Y DE APOYO
Código,ALQUILER Y ARRENDAMIENTO DE VEHÍCULOS AUTOMOTORES,"Afecto a 
 IVA","Categoría 
 Tributaria",Disponible Internet
771000,ALQUILER DE VEHÍCULOS AUTOMOTORES SIN CHOFER,SI,1,S
Código,ALQUILER Y ARRENDAMIENTO DE EFECTOS PERSONALES Y ENSERES DOMÉSTICOS,"Afecto a 
 IVA","Categoría 
 Tributaria",Disponible Internet
772100,ALQUILER Y ARRENDAMIENTO DE EQUIPO RECREATIVO Y DEPORTIVO,SI,1,SI
772200,ALQUILER DE CINTAS DE VIDEO Y DISCOS,SI,1,SI
772900,ALQUILER DE OTROS EFECTOS PERSONALES Y ENSERES DOMÉSTICOS (INCLUYE MOBILIARIO PARA EVENTOS),SI,1,SI
Código,"ALQUILER Y ARRENDAMIENTO DE OTROS TIPOS DE MAQUINARIA, EQUIPO Y BIENES TANGIBLES","Afecto a 
 IVA","Categoría 
 Tributaria",Disponible Internet
773001,"ALQUILER DE EQUIPOS DE TRANSPORTE SIN OPERARIO, EXCEPTO VEHÍCULOS AUTOMOTORES",SI,1,SI
773002,"ALQUILER DE MAQUINARIA Y EQUIPO AGROPECUARIO, FORESTAL, DE CONSTRUCCIÓN E ING. CIVIL, SIN OPERARIOS",SI,1,SI
773003,"ALQUILER DE MAQUINARIA Y EQUIPO DE OFICINA, SIN OPERARIOS (SIN SERVICIO ADMINISTRATIVO)",SI,1,SI
773009,ALQUILER DE OTROS TIPOS DE MAQUINARIAS Y EQUIPOS SIN OPERARIO N.C.P.,SI,1,SI
Código,"ARRENDAMIENTO DE PROPIEDAD INTELECTUAL Y SIMILARES, EXCEPTO OBRAS PROTEGIDAS POR DERECHOS DE AUTOR","Afecto a 
 IVA","Categoría 
 Tributaria",Disponible Internet
774000,"ARRENDAMIENTO DE PROPIEDAD INTELECTUAL Y SIMILARES, EXCEPTO OBRAS PROTEGIDAS POR DERECHOS DE AUTOR",N,1,SI
Código,ACTIVIDADES DE AGENCIAS DE EMPLEO,"Afecto a 
 IVA","Categoría 
 Tributaria",Disponible Internet
781000,ACTIVIDADES DE AGENCIAS DE EMPLEO,SI,1,SI
Código,ACTIVIDADES DE AGENCIAS DE EMPLEO TEMPORAL,"Afecto a 
 IVA","Categoría 
 Tributaria",Disponible Internet
782000,ACTIVIDADES DE AGENCIAS DE EMPLEO TEMPORAL (INCLUYE EMPRESAS DE SERVICIOS TRANSITORIOS),SI,1,SI
Código,OTRAS ACTIVIDADES DE DOTACIÓN DE RECURSOS HUMANOS,"Afecto a 
 IVA","Categoría 
 Tributaria",Disponible Internet
783000,OTRAS ACTIVIDADES DE DOTACIÓN DE RECURSOS HUMANOS,SI,1,SI
Código,ACTIVIDADES DE AGENCIAS DE VIAJES Y OPERADORES TURÍSTICOS,"Afecto a 
 IVA","Categoría 
 Tributaria",Disponible Internet
791100,ACTIVIDADES DE AGENCIAS DE VIAJES,SI,1,SI
791200,ACTIVIDADES DE OPERADORES TURÍSTICOS,SI,1,SI
Código,OTROS SERVICIOS DE RESERVAS Y ACTIVIDADES CONEXAS,"Afecto a 
 IVA","Categoría 
 Tributaria",Disponible Internet
799000,"OTROS SERVICIOS DE RESERVAS Y ACTIVIDADES CONEXAS (INCLUYE VENTA DE ENTRADAS PARA TEATRO, Y OTROS)",G,1,SI
Código,ACTIVIDADES DE SEGURIDAD PRIVADA,"Afecto a 
 IVA","Categoría 
 Tributaria",Disponible Internet
801001,SERVICIOS DE SEGURIDAD PRIVADA PRESTADOS POR EMPRESAS,G,1,SI
801002,SERVICIO DE TRANSPORTE DE VALORES EN VEHÍCULOS BLINDADOS,SI,1,SI
801003,SERVICIOS DE SEGURIDAD PRIVADA PRESTADOS POR INDEPENDIENTES,NO,2,SI
Código,ACTIVIDADES DE SERVICIOS DE SISTEMAS DE SEGURIDAD,"Afecto a 
 IVA","Categoría 
 Tributaria",Disponible Internet
802000,ACTIVIDADES DE SERVICIOS DE SISTEMAS DE SEGURIDAD (INCLUYE SERVICIOS DE CERRAJERÍA),G,1,SI
Código,ACTIVIDADES DE INVESTIGACIÓN,"Afecto a 
 IVA","Categoría 
 Tributaria",Disponible Internet
803000,ACTIVIDADES DE INVESTIGACIÓN (INCLUYE ACTIVIDADES DE INVESTIGADORES Y DETECTIVES PRIVADOS),G,G,SI
Código,ACTIVIDADES COMBINADAS DE APOYO A INSTALACIONES,"Afecto a 
 IVA","Categoría 
 Tributaria",Disponible Internet
811000,ACTIVIDADES COMBINADAS DE APOYO A INSTALACIONES,G,G,SI
Código,ACTIVIDADES DE LIMPIEZA,"Afecto a 
 IVA","Categoría 
 Tributaria",Disponible Internet
812100,LIMPIEZA GENERAL DE EDIFICIOS,SI,1,SI
812901,"DESRATIZACIÓN, DESINFECCIÓN Y EXTERMINIO DE PLAGAS NO AGRÍCOLAS",G,1,SI
812909,OTRAS ACTIVIDADES DE LIMPIEZA DE EDIFICIOS E INSTALACIONES INDUSTRIALES N.C.P.,SI,1,SI
Código,ACTIVIDADES DE PAISAJISMO Y SERVICIOS DE MANTENIMIENTO CONEXOS,"Afecto a 
 IVA","Categoría 
 Tributaria",Disponible Internet
813000,"ACTIVIDADES DE PAISAJISMO, SERVICIOS DE JARDINERÍA Y SERVICIOS CONEXOS",SI,1,SI
Código,ACTIVIDADES ADMINISTRATIVAS Y DE APOYO DE OFICINA,"Afecto a 
 IVA","Categoría 
 Tributaria",Disponible Internet
821100,ACTIVIDADES COMBINADAS DE SERVICIOS ADMINISTRATIVOS DE OFICINA,SI,1,SI
821900,"FOTOCOPIADO, PREPARACIÓN DE DOCUMENTOS Y OTRAS ACTIVIDADES ESPECIALIZADAS DE APOYO DE OFICINA",SI,1,SI
Código,ACTIVIDADES DE CALL-CENTER,"Afecto a 
 IVA","Categoría 
 Tributaria",Disponible Internet
822000,ACTIVIDADES DE CALL-CENTER,SI,1,SI
Código,ORGANIZACIÓN DE CONVENCIONES Y EXPOSICIONES COMERCIALES,"Afecto a 
 IVA","Categoría 
 Tributaria",Disponible Internet
823000,ORGANIZACIÓN DE CONVENCIONES Y EXPOSICIONES COMERCIALES,G,1,SI
Código,ACTIVIDADES DE SERVICIOS DE APOYO A LAS EMPRESAS N.C.P.,"Afecto a 
 IVA","Categoría 
 Tributaria",Disponible Internet
829110,ACTIVIDADES DE AGENCIAS DE COBRO,G,1,SI
829120,ACTIVIDADES DE AGENCIAS DE CALIFICACIÓN CREDITICIA,G,1,SI
829200,ACTIVIDADES DE ENVASADO Y EMPAQUETADO,SI,1,SI
829900,OTRAS ACTIVIDADES DE SERVICIOS DE APOYO A LAS EMPRESAS N.C.P.,SI,1,SI
ADMINISTRACIÓN PÚBLICA Y DEFENSA; PLANES DE SEGURIDAD SOCIAL DE AFILIACIÓN OBLIGATORIA
Código,ADMINISTRACIÓN DEL ESTADO Y APLICACIÓN DE LA POLÍTICA ECONÓMICA Y SOCIAL DE LA COMUNIDAD,"Afecto a 
 IVA","Categoría 
 Tributaria",Disponible Internet
841100,ACTIVIDADES DE LA ADMINISTRACIÓN PÚBLICA EN GENERAL,G,1,NO
841200,"REGULACIÓN DE LAS ACTIVIDADES DE ORGANISMOS QUE PRESTAN SERVICIOS SANITARIOS, EDUCATIVOS, CULTURALES",G,1,NO
841300,REGULACIÓN Y FACILITACIÓN DE LA ACTIVIDAD ECONÓMICA,G,1,NO
Código,PRESTACIÓN DE SERVICIOS A LA COMUNIDAD EN GENERAL,"Afecto a 
 IVA","Categoría 
 Tributaria",Disponible Internet
842100,RELACIONES EXTERIORES,G,1,NO
842200,ACTIVIDADES DE DEFENSA,G,1,NO
842300,ACTIVIDADES DE MANTENIMIENTO DEL ORDEN PÚBLICO Y DE SEGURIDAD,G,1,NO
Código,ACTIVIDADES DE PLANES DE SEGURIDAD SOCIAL DE AFILIACIÓN OBLIGATORIA,"Afecto a 
 IVA","Categoría 
 Tributaria",Disponible Internet
843010,FONDO NACIONAL DE SALUD (FONASA),G,1,NO
843020,INSTITUTO DE PREVISIÓN SOCIAL (IPS),G,1,NO
843090,OTROS PLANES DE SEGURIDAD SOCIAL DE AFILIACIÓN OBLIGATORIA N.C.P.,G,1,NO
ENSEÑANZA
Código,"ENSEÑANZA PREESCOLAR, PRIMARIA, SECUNDARIA CIENTÍFICO HUMANISTA Y TÉCNICO PROFESIONAL","Afecto a 
 IVA","Categoría 
 Tributaria",Disponible Internet
850011,ENSEÑANZA PREESCOLAR PÚBLICA,NO,1,SI
850012,"ENSEÑANZA PRIMARIA, SECUNDARIA CIENTÍFICO HUMANISTA Y TÉCNICO PROFESIONAL PÚBLICA",NO,1,SI
850021,ENSEÑANZA PREESCOLAR PRIVADA,NO,1,SI
850022,"ENSEÑANZA PRIMARIA, SECUNDARIA CIENTÍFICO HUMANISTA Y TÉCNICO PROFESIONAL PRIVADA",NO,1,SI
Código,ENSEÑANZA SUPERIOR,"Afecto a 
 IVA","Categoría 
 Tributaria",Disponible Internet
853110,ENSEÑANZA SUPERIOR EN UNIVERSIDADES PÚBLICAS,NO,1,NO
853120,ENSEÑANZA SUPERIOR EN UNIVERSIDADES PRIVADAS,NO,1,NO
853201,ENSEÑANZA SUPERIOR EN INSTITUTOS PROFESIONALES,NO,1,NO
853202,ENSEÑANZA SUPERIOR EN CENTROS DE FORMACIÓN TÉCNICA,NO,1,SI
Código,OTROS TIPOS DE ENSEÑANZA,"Afecto a 
 IVA","Categoría 
 Tributaria",Disponible Internet
854100,ENSEÑANZA DEPORTIVA Y RECREATIVA,SI,1,SI
854200,ENSEÑANZA CULTURAL,NO,2,SI
854901,ENSEÑANZA PREUNIVERSITARIA,NO,1,SI
854902,SERVICIOS PERSONALES DE EDUCACIÓN,NO,2,SI
854909,OTROS TIPOS DE ENSEÑANZA N.C.P.,NO,1,SI
Código,ACTIVIDADES DE APOYO A LA ENSEÑANZA,"Afecto a 
 IVA","Categoría 
 Tributaria",Disponible Internet
855000,ACTIVIDADES DE APOYO A LA ENSEÑANZA,G,G,SI
ACTIVIDADES DE ATENCIÓN DE LA SALUD HUMANA Y DE ASISTENCIA SOCIAL
Código,ACTIVIDADES DE HOSPITALES PÚBLICOS Y PRIVADOS,"Afecto a 
 IVA","Categoría 
 Tributaria",Disponible Internet
861010,ACTIVIDADES DE HOSPITALES Y CLÍNICAS PÚBLICAS,SI,1,NO
861020,ACTIVIDADES DE HOSPITALES Y CLÍNICAS PRIVADAS,SI,1,SI
Código,ACTIVIDADES DE MÉDICOS Y ODONTÓLOGOS,"Afecto a 
 IVA","Categoría 
 Tributaria",Disponible Internet
862010,ACTIVIDADES DE CENTROS DE SALUD MUNICIPALIZADOS (SERVICIOS DE SALUD PÚBLICA),G,1,SI
862021,CENTROS MÉDICOS PRIVADOS (ESTABLECIMIENTOS DE ATENCIÓN AMBULATORIA),G,1,SI
862022,CENTROS DE ATENCIÓN ODONTOLÓGICA PRIVADOS (ESTABLECIMIENTOS DE ATENCIÓN AMBULATORIA),G,1,SI
862031,SERVICIOS DE MÉDICOS PRESTADOS DE FORMA INDEPENDIENTE,NO,2,SI
862032,SERVICIOS DE ODONTÓLOGOS PRESTADOS DE FORMA INDEPENDIENTE,NO,2,SI
Código,OTRAS ACTIVIDADES DE ATENCIÓN DE LA SALUD HUMANA,"Afecto a 
 IVA","Categoría 
 Tributaria",Disponible Internet
869010,ACTIVIDADES DE LABORATORIOS CLÍNICOS Y BANCOS DE SANGRE,G,1,SI
869091,OTROS SERVICIOS DE ATENCIÓN DE LA SALUD HUMANA PRESTADOS POR EMPRESAS,G,1,SI
869092,SERVICIOS PRESTADOS DE FORMA INDEPENDIENTE POR OTROS PROFESIONALES DE LA SALUD,NO,2,SI
Código,ACTIVIDADES DE ATENCIÓN DE ENFERMERÍA EN INSTITUCIONES,"Afecto a 
 IVA","Categoría 
 Tributaria",Disponible Internet
871000,ACTIVIDADES DE ATENCIÓN DE ENFERMERÍA EN INSTITUCIONES,G,1,SI
Código,ACTIVIDADES DE ATENCIÓN EN INSTITUCIONES PARA PERSONAS CON DISCAPACIDAD MENTAL Y TOXICÓMANOS,"Afecto a 
 IVA","Categoría 
 Tributaria",Disponible Internet
872000,ACTIVIDADES DE ATENCIÓN EN INSTITUCIONES PARA PERSONAS CON DISCAPACIDAD MENTAL Y TOXICÓMANOS,G,1,SI
Código,ACTIVIDADES DE ATENCIÓN EN INSTITUCIONES PARA PERSONAS DE EDAD Y PERSONAS CON DISCAPACIDAD,"Afecto a 
 IVA","Categoría 
 Tributaria",Disponible Internet
873000,ACTIVIDADES DE ATENCIÓN EN INSTITUCIONES PARA PERSONAS DE EDAD Y PERSONAS CON DISCAPACIDAD FÍSICA,G,1,SI
Código,OTRAS ACTIVIDADES DE ATENCIÓN EN INSTITUCIONES,"Afecto a 
 IVA","Categoría 
 Tributaria",Disponible Internet
879000,OTRAS ACTIVIDADES DE ATENCIÓN EN INSTITUCIONES,G,1,SI
Código,ACTIVIDADES DE ASISTENCIA SOCIAL SIN ALOJAMIENTO PARA PERSONAS DE EDAD Y PERSONAS CON DISCAPACIDAD,"Afecto a 
 IVA","Categoría 
 Tributaria",Disponible Internet
881000,ACTIVIDADES DE ASISTENCIA SOCIAL SIN ALOJAMIENTO PARA PERSONAS DE EDAD Y PERSONAS CON DISCAPACIDAD,G,1,SI
Código,OTRAS ACTIVIDADES DE ASISTENCIA SOCIAL SIN ALOJAMIENTO,"Afecto a 
 IVA","Categoría 
 Tributaria",Disponible Internet
889000,OTRAS ACTIVIDADES DE ASISTENCIA SOCIAL SIN ALOJAMIENTO,G,1,SI
"ACTIVIDADES ARTÍSTICAS, DE ENTRETENIMIENTO Y RECREATIVAS"
Código,"ACTIVIDADES CREATIVAS, ARTÍSTICAS Y DE ENTRETENIMIENTO","Afecto a 
 IVA","Categoría 
 Tributaria",Disponible Internet
900001,"SERVICIOS DE PRODUCCIÓN DE OBRAS DE TEATRO, CONCIERTOS, ESPECTÁCULOS DE DANZA, OTRAS PROD. ESCÉNICAS",G,1,SI
900002,"ACTIVIDADES ARTÍSTICAS REALIZADAS POR BANDAS DE MÚSICA, COMPAÑÍAS DE TEATRO, CIRCENSES Y SIMILARES",SI,1,SI
900003,"ACTIVIDADES DE ARTISTAS REALIZADAS DE FORMA INDEPENDIENTE: ACTORES, MÚSICOS, ESCRITORES, ENTRE OTROS",NO,2,SI
900004,SERVICIOS PRESTADOS POR PERIODISTAS INDEPENDIENTES,NO,2,SI
900009,"OTRAS ACTIVIDADES CREATIVAS, ARTÍSTICAS Y DE ENTRETENIMIENTO N.C.P.",G,G,SI
Código,"ACTIVIDADES DE BIBLIOTECAS, ARCHIVOS Y MUSEOS Y OTRAS ACTIVIDADES CULTURALES","Afecto a 
 IVA","Categoría 
 Tributaria",Disponible Internet
910100,ACTIVIDADES DE BIBLIOTECAS Y ARCHIVOS,G,1,SI
910200,"ACTIVIDADES DE MUSEOS, GESTIÓN DE LUGARES Y EDIFICIOS HISTÓRICOS",G,1,SI
910300,"ACTIVIDADES DE JARDINES BOTÁNICOS, ZOOLÓGICOS Y RESERVAS NATURALES",G,1,SI
Código,ACTIVIDADES DE JUEGOS DE AZAR Y APUESTAS,"Afecto a 
 IVA","Categoría 
 Tributaria",Disponible Internet
920010,ACTIVIDADES DE CASINOS DE JUEGOS,SI,1,NO
920090,OTRAS ACTIVIDADES DE JUEGOS DE AZAR Y APUESTAS N.C.P.,SI,1,NO
Código,ACTIVIDADES DEPORTIVAS,"Afecto a 
 IVA","Categoría 
 Tributaria",Disponible Internet
931101,HIPÓDROMOS,SI,1,SI
931102,GESTIÓN DE SALAS DE BILLAR; GESTIÓN DE SALAS DE BOLOS (BOWLING),SI,1,SI
931109,GESTIÓN DE OTRAS INSTALACIONES DEPORTIVAS N.C.P.,G,1,SI
931201,ACTIVIDADES DE CLUBES DE FÚTBOL AMATEUR Y PROFESIONAL,G,1,SI
931209,ACTIVIDADES DE OTROS CLUBES DEPORTIVOS N.C.P.,G,1,SI
931901,PROMOCIÓN Y ORGANIZACIÓN DE COMPETENCIAS DEPORTIVAS,G,1,SI
931909,OTRAS ACTIVIDADES DEPORTIVAS N.C.P.,G,1,SI
Código,OTRAS ACTIVIDADES DE ESPARCIMIENTO Y RECREATIVAS,"Afecto a 
 IVA","Categoría 
 Tributaria",Disponible Internet
932100,ACTIVIDADES DE PARQUES DE ATRACCIONES Y PARQUES TEMÁTICOS,SI,1,SI
932901,GESTIÓN DE SALAS DE POOL; GESTIÓN (EXPLOTACIÓN) DE JUEGOS ELECTRÓNICOS,SI,1,SI
932909,OTRAS ACTIVIDADES DE ESPARCIMIENTO Y RECREATIVAS N.C.P.,G,G,SI
OTRAS ACTIVIDADES DE SERVICIOS
Código,"ACTIVIDADES DE ASOCIACIONES EMPRESARIALES, PROFESIONALES Y DE EMPLEADORES","Afecto a 
 IVA","Categoría 
 Tributaria",Disponible Internet
941100,ACTIVIDADES DE ASOCIACIONES EMPRESARIALES Y DE EMPLEADORES,G,1,SI
941200,ACTIVIDADES DE ASOCIACIONES PROFESIONALES,G,1,SI
Código,ACTIVIDADES DE SINDICATOS,"Afecto a 
 IVA","Categoría 
 Tributaria",Disponible Internet
942000,ACTIVIDADES DE SINDICATOS,G,1,SI
Código,ACTIVIDADES DE OTRAS ASOCIACIONES,"Afecto a 
 IVA","Categoría 
 Tributaria",Disponible Internet
949100,ACTIVIDADES DE ORGANIZACIONES RELIGIOSAS,G,1,NO
949200,ACTIVIDADES DE ORGANIZACIONES POLÍTICAS,G,1,SI
949901,ACTIVIDADES DE CENTROS DE MADRES,G,1,NO
949902,ACTIVIDADES DE CLUBES SOCIALES,G,1,NO
949903,FUNDACIONES Y CORPORACIONES; ASOCIACIONES QUE PROMUEVEN ACTIVIDADES CULTURALES O RECREATIVAS,G,1,NO
949904,CONSEJO DE ADMINISTRACIÓN DE EDIFICIOS Y CONDOMINIOS,NO,1,NO
949909,ACTIVIDADES DE OTRAS ASOCIACIONES N.C.P.,G,1,SI
Código,REPARACIÓN DE COMPUTADORES Y EQUIPO DE COMUNICACIONES,"Afecto a 
 IVA","Categoría 
 Tributaria",Disponible Internet
951100,REPARACIÓN DE COMPUTADORES Y EQUIPO PERIFÉRICO,SI,1,SI
951200,REPARACIÓN DE EQUIPO DE COMUNICACIONES (INCLUYE LA REPARACIÓN TELÉFONOS CELULARES),SI,1,SI
Código,REPARACIÓN DE EFECTOS PERSONALES Y ENSERES DOMÉSTICOS,"Afecto a 
 IVA","Categoría 
 Tributaria",Disponible Internet
952100,REPARACIÓN DE APARATOS ELECTRÓNICOS DE CONSUMO (INCLUYE APARATOS DE TELEVISIÓN Y RADIO),SI,1,SI
952200,"REPARACIÓN DE APARATOS DE USO DOMÉSTICO, EQUIPO DOMÉSTICO Y DE JARDINERÍA",G,1,SI
952300,REPARACIÓN DE CALZADO Y DE ARTÍCULOS DE CUERO,G,1,SI
952400,REPARACIÓN DE MUEBLES Y ACCESORIOS DOMÉSTICOS,G,1,SI
952900,REPARACIÓN DE OTROS EFECTOS PERSONALES Y ENSERES DOMÉSTICOS,G,1,SI
Código,OTRAS ACTIVIDADES DE SERVICIOS PERSONALES,"Afecto a 
 IVA","Categoría 
 Tributaria",Disponible Internet
960100,"LAVADO Y LIMPIEZA, INCLUIDA LA LIMPIEZA EN SECO, DE PRODUCTOS TEXTILES Y DE PIEL",SI,1,SI
960200,PELUQUERÍA Y OTROS TRATAMIENTOS DE BELLEZA,G,G,SI
960310,SERVICIOS FUNERARIOS,SI,1,SI
960320,SERVICIOS DE CEMENTERIOS,SI,1,SI
960901,"SERVICIOS DE ADIESTRAMIENTO, GUARDERÍA, PELUQUERÍA, PASEO DE MASCOTAS (EXCEPTO ACT. VETERINARIAS)",SI,1,SI
960902,"ACTIVIDADES DE SALONES DE MASAJES, BAÑOS TURCOS, SAUNAS, SERVICIO DE BAÑOS PÚBLICOS",SI,1,SI
960909,OTRAS ACTIVIDADES DE SERVICIOS PERSONALES N.C.P.,NO,2,SI
ACTIVIDADES DE LOS HOGARES COMO EMPLEADORES; ACTIVIDADES NO DIFERENCIADAS DE LOS HOGARES
Código,ACTIVIDADES DE LOS HOGARES COMO EMPLEADORES DE PERSONAL DOMÉSTICO,"Afecto a 
 IVA","Categoría 
 Tributaria",Disponible Internet
970000,ACTIVIDADES DE LOS HOGARES COMO EMPLEADORES DE PERSONAL DOMÉSTICO,NO,G,NO
ACTIVIDADES DE ORGANIZACIONES Y ÓRGANOS EXTRATERRITORIALES
Código,ACTIVIDADES DE ORGANIZACIONES Y ÓRGANOS EXTRATERRITORIALES,"Afecto a 
 IVA","Categoría 
 Tributaria",Disponible Internet
990000,ACTIVIDADES DE ORGANIZACIONES Y ÓRGANOS EXTRATERRITORIALES,G,1,NO
