"Year","IBGE ID","Location","Imports","Exports","Economic Complexity","Nominal Export Growth (1 year)","Nominal Export Growth (5 year)","Nominal Import Growth (1 year)","Nominal Import Growth (5 year)","Product Diversity","Effective Product Diversity","Export Destination Diversity","Effective Export Destination Diversity"
"2016","3550308","São Paulo - SP","USD 9.03B","USD 8.09B","14.23","0% ","0% ","0% ","0% ","947","26.66","185","37.51"
"2016","3548708","São Bernardo do Campo - SP","USD 1.78B","USD 3.2B","12.45","0% ","0% ","0% ","0% ","464","17.46","124","9.715"
"2016","1302603","Manaus - AM","USD 6.2B","USD 551M","9.551","0% ","0% ","0% ","0% ","285","15.5","81","14.08"
"2016","3509502","Campinas - SP","USD 2.48B","USD 811M","7.34","0% ","0% ","0% ","0% ","488","40.4007","126","19.46"
"2016","3505708","Barueri - SP","USD 1.34B","USD 446M","7.322","0% ","0% ","0% ","0% ","449","35.08","124","24.78"
"2016","3518800","Guarulhos - SP","USD 1.8B","USD 1.54B","6.777","0% ","0% ","0% ","0% ","575","18.09","134","15.1"
"2016","3513801","Diadema - SP","USD 409M","USD 185M","6.571","0% ","0% ","0% ","0% ","367","52.14","88","17.23"
"2016","3536505","Paulínia - SP","USD 2.87B","USD 745M","6.199","0% ","0% ","0% ","0% ","150","15.77","76","23.45"
"2016","4125506","São José Dos Pinhais - PR","USD 2.13B","USD 1.68B","6.0898","0% ","0% ","0% ","0% ","337","13","97","6.331"
"2016","3552205","Sorocaba - SP","USD 1.78B","USD 1.26B","5.888","0% ","0% ","0% ","0% ","436","21.19","108","11.1"
"2016","3547809","Santo André - SP","USD 351M","USD 451M","5.745","0% ","0% ","0% ","0% ","273","15.16","83","13.84"
"2016","3552403","Sumaré - SP","USD 445M","USD 355M","5.457","0% ","0% ","0% ","0% ","278","25.97","81","9.143"
"2016","3549904","São José Dos Campos - SP","USD 3B","USD 4.92B","4.971","0% ","0% ","0% ","0% ","353","3.14","109","5.548"
"2016","3556701","Vinhedo - SP","USD 585M","USD 310M","4.94","0% ","0% ","0% ","0% ","307","36.37","85","14.94"
"2016","3520509","Indaiatuba - SP","USD 855M","USD 593M","4.89","0% ","0% ","0% ","0% ","355","19.92","99","8.296"
"2016","2905701","Camaçari - BA","USD 2.53B","USD 1.58B","4.57","0% ","0% ","0% ","0% ","117","13.15","80","10.7178"
"2016","4318705","São Leopoldo - RS","USD 216M","USD 399M","4.547","0% ","0% ","0% ","0% ","236","12.22","104","13.24"
"2016","3538006","Pindamonhangaba - SP","USD 204M","USD 258M","4.512","0% ","0% ","0% ","0% ","100","4.754","56","13.43"
"2016","3304557","Rio de Janeiro - RJ","USD 3.93B","USD 6.4B","4.482","0% ","0% ","0% ","0% ","779","14.01","177","13.81"
"2016","3301702","Duque de Caxias - RJ","USD 556M","USD 744M","4.132","0% ","0% ","0% ","0% ","218","8.0637","94","18.72"
"2016","3524006","Itupeva - SP","USD 216M","USD 219M","3.917","0% ","0% ","0% ","0% ","187","18.88","52","9.632"
"2016","3303906","Petrópolis - RJ","USD 2.34B","USD 2.48B","3.638","0% ","0% ","0% ","0% ","154","1.468","68","2.282"
"2016","2906501","Candeias - BA","USD 247M","USD 241M","3.46","0% ","0% ","0% ","0% ","31","5.114","37","9.46"
"2016","4106902","Curitiba - PR","USD 2.34B","USD 1.26B","3.305","0% ","0% ","0% ","0% ","538","35.02","159","19.62"
"2016","3526902","Limeira - SP","USD 363M","USD 446M","3.21","0% ","0% ","0% ","0% ","223","12.6","104","26.55"
"2016","4322004","Triunfo - RS","USD 992M","USD 1.38B","3.0797","0% ","0% ","0% ","0% ","24","4.521","69","19.23"
"2016","3525904","Jundiaí - SP","USD 1.81B","USD 471M","2.981","0% ","0% ","0% ","0% ","481","53.83","102","16.48"
"2016","3554102","Taubaté - SP","USD 2.06B","USD 814M","2.972","0% ","0% ","0% ","0% ","301","7.797","78","8.352"
"2016","3168705","Timóteo - MG","USD 41.2M","USD 221M","2.762","0% ","0% ","0% ","0% ","11","1.519","43","14.71"
"2016","4309209","Gravataí - RS","USD 816M","USD 679M","2.654","0% ","0% ","0% ","0% ","184","5.357","86","7.475"
"2016","3106705","Betim - MG","USD 495M","USD 1.04B","2.433","0% ","0% ","0% ","0% ","208","8.504","64","5.0874"
"2016","3548906","São Carlos - SP","USD 175M","USD 295M","2.286","0% ","0% ","0% ","0% ","212","9.599","100","14.35"
"2016","3524402","Jacareí - SP","USD 520M","USD 855M","2.279","0% ","0% ","0% ","0% ","194","6.198","74","11.5"
"2016","3552502","Suzano - SP","USD 645M","USD 495M","2.262","0% ","0% ","0% ","0% ","220","14.04","113","16.64"
"2016","3502754","Araçariguama - SP","USD 54.9M","USD 62.9M","2.253","0% ","0% ","0% ","0% ","34","3.438","25","8.912"
"2016","3523909","Itu - SP","USD 207M","USD 216M","2.157","0% ","0% ","0% ","0% ","256","15.03","83","11.76"
"2016","3304201","Resende - RJ","USD 677M","USD 348M","2.0962","0% ","0% ","0% ","0% ","130","11.63","48","7.454"
"2016","3501608","Americana - SP","USD 315M","USD 165M","2.0627","0% ","0% ","0% ","0% ","207","7.765","63","12.25"
"2016","3545803","Santa Bárbara D'oeste - SP","USD 102M","USD 69.3M","1.919","0% ","0% ","0% ","0% ","181","14.29","57","8.00452"
"2016","3527207","Lorena - SP","USD 22.8M","USD 29.8M","1.916","0% ","0% ","0% ","0% ","69","7.425","32","12.23"
"2016","4218202","Timbó - SC","USD 14.3M","USD 37.2M","1.873","0% ","0% ","0% ","0% ","102","13.32","61","17.66"
"2016","3522505","Itapevi - SP","USD 876M","USD 109M","1.871","0% ","0% ","0% ","0% ","125","7.0632","71","19.2"
"2016","4305108","Caxias do Sul - RS","USD 208M","USD 751M","1.866","0% ","0% ","0% ","0% ","480","27.17","122","22.04"
"2016","3543907","Rio Claro - SP","USD 167M","USD 124M","1.775","0% ","0% ","0% ","0% ","169","24.03","120","24.21"
"2016","3305000","São João da Barra - RJ","USD 164M","USD 715M","1.755","0% ","0% ","0% ","0% ","23","4.165","10","2.0417"
"2016","3534401","Osasco - SP","USD 648M","USD 99.6M","1.749","0% ","0% ","0% ","0% ","229","23.58","75","11.12"
"2016","3118601","Contagem - MG","USD 425M","USD 422M","1.714","0% ","0% ","0% ","0% ","239","20.5371","104","21.46"
"2016","3519071","Hortolândia - SP","USD 668M","USD 51.1M","1.695","0% ","0% ","0% ","0% ","120","14.73","51","8.769"
"2016","3508405","Cabreúva - SP","USD 133M","USD 37.9M","1.519","0% ","0% ","0% ","0% ","114","13.19","68","19.82"
"2016","3538709","Piracicaba - SP","USD 1.52B","USD 1.32B","1.519","0% ","0% ","0% ","0% ","323","5.528","113","21.06"
"2016","3509007","Caieiras - SP","USD 65.9M","USD 82.5M","1.504","0% ","0% ","0% ","0% ","115","5.014","40","6.654"
"2016","3510609","Carapicuíba - SP","USD 34.9M","USD 25.2M","1.486","0% ","0% ","0% ","0% ","90","8.81","46","10.0345"
"2016","3523404","Itatiba - SP","USD 185M","USD 130M","1.454","0% ","0% ","0% ","0% ","208","17.03","63","7.438"
"2016","3513009","Cotia - SP","USD 695M","USD 252M","1.434","0% ","0% ","0% ","0% ","460","19.9","104","24.98"
"2016","3551702","Sertãozinho - SP","USD 20.6M","USD 759M","1.416","0% ","0% ","0% ","0% ","148","5.876","95","25.93"
"2016","3132404","Itajubá - MG","USD 76.4M","USD 146M","1.363","0% ","0% ","0% ","0% ","99","7.514","68","24.26"
"2016","4304804","Carlos Barbosa - RS","USD 62.2M","USD 159M","1.309","0% ","0% ","0% ","0% ","150","10.2182","121","23.16"
"2016","3125101","Extrema - MG","USD 390M","USD 24.1M","1.28","0% ","0% ","0% ","0% ","72","8.579","40","13.86"
"2016","3518404","Guaratinguetá - SP","USD 689M","USD 200M","1.196","0% ","0% ","0% ","0% ","103","7.144","46","12.9"
"2016","2607208","Ipojuca - PE","USD 1.63B","USD 624M","1.179","0% ","0% ","0% ","0% ","34","2.865","31","7.012"
"2016","4309100","Gramado - RS","USD 1.95M","USD 6.63M","1.165","0% ","0% ","0% ","0% ","105","18.57","31","15.1"
"2016","3545209","Salto - SP","USD 97.8M","USD 135M","1.0831","0% ","0% ","0% ","0% ","149","15.07","82","13.66"
"2016","4119152","Pinhais - PR","USD 179M","USD 60.7M","1.0811","0% ","0% ","0% ","0% ","224","9.286","65","16.74"
"2016","3107307","Bocaiúva - MG","USD 16.9M","USD 4.65M","1.0738","0% ","0% ","0% ","0% ","9","2.839","7","2.486"
"2016","3548807","São Caetano do Sul - SP","USD 393M","USD 327M","1.073","0% ","0% ","0% ","0% ","212","8.269","60","4.412"
"2016","4209102","Joinville - SC","USD 1.46B","USD 971M","1.0541","0% ","0% ","0% ","0% ","375","9.845","112","19.35"
"2016","3547304","Santana de Parnaíba - SP","USD 194M","USD 47.1M","1.0362","0% ","0% ","0% ","0% ","204","20.9674","52","14.37"
"2016","3543303","Ribeirão Pires - SP","USD 52.6M","USD 159M","0.966","0% ","0% ","0% ","0% ","54","1.814","55","14.64"
"2016","4321303","Taquari - RS","USD 22.7M","USD 26.2M","0.959","0% ","0% ","0% ","0% ","9","2.407","25","11.35"
"2016","3515004","Embu - SP","USD 404M","USD 72.9M","0.93","0% ","0% ","0% ","0% ","344","33.35","75","17.3"
"2016","3121258","Delta - MG","USD 4.38M","USD 214M","0.925","0% ","0% ","0% ","0% ","8","1.214","42","17.09"
"2016","3300456","Belford Roxo - RJ","USD 959M","USD 27.3M","0.905","0% ","0% ","0% ","0% ","27","5.349","22","10.1369"
"2016","3162500","São João Del Rei - MG","USD 10M","USD 52M","0.897","0% ","0% ","0% ","0% ","33","3.662","35","10.7914"
"2016","3525201","Jarinu - SP","USD 38M","USD 9.33M","0.897","0% ","0% ","0% ","0% ","42","8.738","39","15.81"
"2016","3508504","Caçapava - SP","USD 91.9M","USD 89M","0.895","0% ","0% ","0% ","0% ","101","9.131","41","7.588"
"2016","3540606","Porto Feliz - SP","USD 91.1M","USD 47.2M","0.864","0% ","0% ","0% ","0% ","127","6.855","38","7.935"
"2016","3513504","Cubatão - SP","USD 423M","USD 313M","0.845","0% ","0% ","0% ","0% ","24","8.566","69","25.14"
"2016","3529401","Mauá - SP","USD 247M","USD 239M","0.81","0% ","0% ","0% ","0% ","226","15.43","66","23.01"
"2016","3537800","Piedade - SP","USD 4.15M","USD 9.92M","0.753","0% ","0% ","0% ","0% ","53","3.738","21","6.92"
"2016","4304606","Canoas - RS","USD 871M","USD 368M","0.736","0% ","0% ","0% ","0% ","163","8.977","83","13.99"
"2016","3518701","Guarujá - SP","USD 246M","USD 765M","0.723","0% ","0% ","0% ","0% ","73","2.31","45","4.0367"
"2016","4308607","Garibaldi - RS","USD 38.2M","USD 64.3M","0.718","0% ","0% ","0% ","0% ","127","8.117","83","17.68"
"2016","3304144","Queimados - RJ","USD 162M","USD 38.1M","0.702","0% ","0% ","0% ","0% ","53","4.702","30","9.244"
"2016","3507902","Brotas - SP","USD 417k","USD 55.2M","0.694","0% ","0% ","0% ","0% ","8","2.329","8","2.105"
"2016","4201307","Araquari - SC","USD 357M","USD 258M","0.674","0% ","0% ","0% ","0% ","93","1.467","34","1.493"
"2016","3513405","Cruzeiro - SP","USD 101M","USD 34.2M","0.673","0% ","0% ","0% ","0% ","36","8.0852","30","8.123"
"2016","3302254","Itatiaia - RJ","USD 284M","USD 102M","0.619","0% ","0% ","0% ","0% ","163","2.284","29","7.033"
"2016","4207007","Içara - SC","USD 10.4M","USD 31.3M","0.616","0% ","0% ","0% ","0% ","81","4.45","19","6.672"
"2016","4212056","Palmeira - SC","USD 1.59M","USD 16.6M","0.608","0% ","0% ","0% ","0% ","6","3.69","9","4.584"
"2016","4112009","Jaguariaíva - PR","USD 11.4M","USD 87.1M","0.6","0% ","0% ","0% ","0% ","8","1.619","35","2.8"
"2016","3530805","Moji-Mirim - SP","USD 56.9M","USD 73.2M","0.585","0% ","0% ","0% ","0% ","106","10.9516","57","12.08"
"2016","5201108","Anápolis - GO","USD 1.17B","USD 167M","0.585","0% ","0% ","0% ","0% ","107","2.341","47","2.404"
"2016","3516408","Franco da Rocha - SP","USD 277M","USD 51.4M","0.584","0% ","0% ","0% ","0% ","45","3.145","30","8.667"
"2016","3200607","Aracruz - ES","USD 56M","USD 925M","0.543","0% ","0% ","0% ","0% ","28","1.0237","22","4.388"
"2016","3522307","Itapetininga - SP","USD 53.3M","USD 98.4M","0.542","0% ","0% ","0% ","0% ","30","5.44","51","12.79"
"2016","3549805","São José do Rio Preto - SP","USD 72.5M","USD 16.4M","0.54","0% ","0% ","0% ","0% ","153","22.16","59","17.62"
"2016","3503901","Arujá - SP","USD 94.7M","USD 41.8M","0.517","0% ","0% ","0% ","0% ","115","15.09","42","9.98"
"2016","3524709","Jaguariúna - SP","USD 1.21B","USD 40.5M","0.489","0% ","0% ","0% ","0% ","189","22.19","48","9.646"
"2016","3509601","Campo Limpo Paulista - SP","USD 63.1M","USD 138M","0.488","0% ","0% ","0% ","0% ","44","2.359","30","4.719"
"2016","4117602","Palmas - PR","USD 1.25M","USD 147M","0.487","0% ","0% ","0% ","0% ","13","2.151","65","11.5"
"2016","4218707","Tubarão - SC","USD 48M","USD 11.5M","0.48","0% ","0% ","0% ","0% ","75","6.827","46","11.06"
"2016","3539806","Poá - SP","USD 20.4M","USD 29.4M","0.476","0% ","0% ","0% ","0% ","32","4.923","25","5.312"
"2016","4313904","Panambi - RS","USD 8.56M","USD 41.8M","0.47","0% ","0% ","0% ","0% ","103","9.433","37","13.13"
"2016","3137601","Lagoa Santa - MG","USD 222M","USD 75.1M","0.464","0% ","0% ","0% ","0% ","82","5.588","51","4.658"
"2016","3531803","Monte Mor - SP","USD 105M","USD 78.8M","0.461","0% ","0% ","0% ","0% ","117","3.288","43","15.46"
"2016","3158953","Santana do Paraíso - MG","USD 34.7k","USD 1.32M","0.455","0% ","0% ","0% ","0% ","6","1.162","10","4.669"
"2016","3159605","Santa Rita do Sapucaí - MG","USD 136M","USD 11M","0.45","0% ","0% ","0% ","0% ","64","16.47","39","8.223"
"2016","4115200","Maringá - PR","USD 160M","USD 1.4B","0.427","0% ","0% ","0% ","0% ","249","4.583","94","18.91"
"2016","2908507","Conceição do Jacuípe - BA","USD 100M","USD 3.6M","0.411","0% ","0% ","0% ","0% ","22","3.631","16","11.71"
"2016","3507605","Bragança Paulista - SP","USD 133M","USD 65.9M","0.392","0% ","0% ","0% ","0% ","134","16.12","79","21.43"
"2016","3533403","Nova Odessa - SP","USD 88.6M","USD 64.9M","0.385","0% ","0% ","0% ","0% ","89","4.403","43","11.27"
"2016","3537107","Pedreira - SP","USD 6.21M","USD 17.1M","0.373","0% ","0% ","0% ","0% ","37","3.848","38","10.2328"
"2016","3526704","Leme - SP","USD 40M","USD 326M","0.366","0% ","0% ","0% ","0% ","75","4.381","47","9.0699"
"2016","4322251","Tupandi - RS","USD 274k","USD 19.5M","0.366","0% ","0% ","0% ","0% ","10","1.193","27","8.0157"
"2016","3512704","Corumbataí - SP","USD 56.6k","USD 1.22M","0.363","0% ","0% ","0% ","0% ","6","3.158","4","3.027"
"2016","3539202","Pirapozinho - SP","USD 7.89M","USD 28.2M","0.356","0% ","0% ","0% ","0% ","12","5.905","23","8.228"
"2016","4317202","Santa Rosa - RS","USD 35.7M","USD 75.5M","0.352","0% ","0% ","0% ","0% ","42","2.242","21","4.719"
"2016","3203130","João Neiva - ES","USD 546k","USD 36.8M","0.351","0% ","0% ","0% ","0% ","6","1.616","17","3.723"
"2016","4205407","Florianópolis - SC","USD 316M","USD 50.4M","0.335","0% ","0% ","0% ","0% ","160","16.22","75","18.94"
"2016","3511508","Cerquilho - SP","USD 34.7M","USD 66.6M","0.334","0% ","0% ","0% ","0% ","47","3.909","26","8.216"
"2016","3510401","Capivari - SP","USD 31.2M","USD 22.9M","0.33","0% ","0% ","0% ","0% ","38","4.271","37","8.843"
"2016","3526407","Laranjal Paulista - SP","USD 10.7M","USD 86.8M","0.32","0% ","0% ","0% ","0% ","11","1.118","32","6.312"
"2016","3530607","Mogi Das Cruzes - SP","USD 218M","USD 168M","0.31","0% ","0% ","0% ","0% ","219","18.54","59","14.18"
"2016","4211207","Morro da Fumaça - SC","USD 8.83M","USD 7.73M","0.305","0% ","0% ","0% ","0% ","37","2.374","16","3.777"
"2016","3507100","Bom Jesus Dos Perdões - SP","USD 4.54M","USD 2.65M","0.304","0% ","0% ","0% ","0% ","21","2.987","21","13.2"
"2016","3532405","Nazaré Paulista - SP","USD 1.8M","USD 2.32M","0.303","0% ","0% ","0% ","0% ","26","4.95","13","4.252"
"2016","4313300","Nova Prata - RS","USD 25.9M","USD 80.8M","0.282","0% ","0% ","0% ","0% ","50","5.0243","50","16.44"
"2016","3131307","Ipatinga - MG","USD 203M","USD 170M","0.281","0% ","0% ","0% ","0% ","70","3.835","22","4.769"
"2016","3521002","Iperó - SP","USD 4.93M","USD 14.8M","0.274","0% ","0% ","0% ","0% ","45","7.118","26","4.244"
"2016","3524907","Jambeiro - SP","USD 16.6M","USD 7.78M","0.272","0% ","0% ","0% ","0% ","11","2.739","31","9.433"
"2016","3511607","Cesário Lange - SP","USD 9.6M","USD 6.52M","0.272","0% ","0% ","0% ","0% ","28","4.237","13","4.669"
"2016","3512803","Cosmópolis - SP","USD 108M","USD 122M","0.268","0% ","0% ","0% ","0% ","38","5.207","62","15.52"
"2016","4309605","Horizontina - RS","USD 169M","USD 87.3M","0.258","0% ","0% ","0% ","0% ","58","1.476","23","3.747"
"2016","4319000","São Marcos - RS","USD 3.47M","USD 14.1M","0.252","0% ","0% ","0% ","0% ","55","5.891","40","15.47"
"2016","4207502","Indaial - SC","USD 19.9M","USD 35M","0.252","0% ","0% ","0% ","0% ","96","8.426","44","14.14"
"2016","3304904","São Gonçalo - RJ","USD 107M","USD 22.3M","0.236","0% ","0% ","0% ","0% ","50","8.249","35","12.36"
"2016","4306403","Dois Irmãos - RS","USD 11.6M","USD 69.2M","0.235","0% ","0% ","0% ","0% ","49","1.576","81","13.81"
"2016","3303500","Nova Iguaçu - RJ","USD 17.9M","USD 18.5M","0.234","0% ","0% ","0% ","0% ","61","7.0901","60","13.32"
"2016","4102307","Balsa Nova - PR","USD 13.1M","USD 27M","0.233","0% ","0% ","0% ","0% ","8","2.692","26","8.166"
"2016","2601706","Belo Jardim - PE","USD 77.5M","USD 42.7M","0.229","0% ","0% ","0% ","0% ","7","1.148","14","2.14"
"2016","3521101","Ipeúna - SP","USD 752k","USD 8.47M","0.228","0% ","0% ","0% ","0% ","87","6.175","30","6.818"
"2016","4309308","Guaíba - RS","USD 1.16B","USD 627M","0.222","0% ","0% ","0% ","0% ","78","1.346","55","10.9393"
"2016","3507001","Boituva - SP","USD 15.1M","USD 49.2M","0.221","0% ","0% ","0% ","0% ","73","4.0139","48","14.88"
"2016","4104303","Campo Mourão - PR","USD 22.2M","USD 57.7M","0.22","0% ","0% ","0% ","0% ","59","1.776","51","14.24"
"2016","4100400","Almirante Tamandaré - PR","USD 7.14M","USD 5.97M","0.212","0% ","0% ","0% ","0% ","25","4.481","21","4.258"
"2016","2602902","Cabo de Santo Agostinho - PE","USD 670M","USD 126M","0.202","0% ","0% ","0% ","0% ","33","8.903","61","8.351"
"2016","2704708","Marechal Deodoro - AL","USD 44.4M","USD 39.7M","0.199","0% ","0% ","0% ","0% ","7","1.36","34","3.0464"
"2016","4201703","Ascurra - SC","USD 337k","USD 1.39M","0.186","0% ","0% ","0% ","0% ","18","2.8","16","11.86"
"2016","4214805","Rio do Sul - SC","USD 14M","USD 97.7M","0.181","0% ","0% ","0% ","0% ","118","5.536","55","11.27"
"2016","3537305","Penápolis - SP","USD 8.85M","USD 93.7M","0.18","0% ","0% ","0% ","0% ","98","2.833","23","3.0487"
"2016","3151800","Poços de Caldas - MG","USD 293M","USD 241M","0.177","0% ","0% ","0% ","0% ","75","3.463","62","17.55"
"2016","4321204","Taquara - RS","USD 2.13M","USD 2.48M","0.173","0% ","0% ","0% ","0% ","52","12.49","27","12.01"
"2016","4312658","Não-Me-Toque - RS","USD 15.1M","USD 28.2M","0.172","0% ","0% ","0% ","0% ","101","6.413","35","11.73"
"2016","4314100","Passo Fundo - RS","USD 91.2M","USD 617M","0.165","0% ","0% ","0% ","0% ","138","3.597","96","6.83"
"2016","3136652","Juatuba - MG","USD 36M","USD 9.21M","0.16","0% ","0% ","0% ","0% ","20","3.767","15","6.323"
"2016","3540002","Pompéia - SP","USD 30.8M","USD 85.7M","0.16","0% ","0% ","0% ","0% ","146","4.024","89","23"
"2016","4322806","Veranópolis - RS","USD 12.7M","USD 33.7M","0.154","0% ","0% ","0% ","0% ","48","5.44","36","7.85"
"2016","3516705","Garça - SP","USD 2.9M","USD 11.7M","0.153","0% ","0% ","0% ","0% ","61","3.119","23","6.999"
"2016","4212809","Piçarras - SC","USD 49.3M","USD 32.8M","0.152","0% ","0% ","0% ","0% ","65","1.507","11","4.679"
"2016","4310603","Itaqui - RS","USD 11.2M","USD 8.85M","0.152","0% ","0% ","0% ","0% ","18","2.109","8","4.393"
"2016","3516853","Gavião Peixoto - SP","USD 158M","USD 143M","0.146","0% ","0% ","0% ","0% ","114","3.261","13","3.138"
"2016","5205109","Catalão - GO","USD 607M","USD 71.1M","0.138","0% ","0% ","0% ","0% ","53","6.301","34","14.04"
"2016","4310207","Ijuí - RS","USD 14.7M","USD 37.9M","0.136","0% ","0% ","0% ","0% ","36","1.773","23","2.878"
"2016","3534708","Ourinhos - SP","USD 80.7M","USD 12.5M","0.126","0% ","0% ","0% ","0% ","61","8.819","34","9.37"
"2016","3507506","Botucatu - SP","USD 25.6M","USD 177M","0.126","0% ","0% ","0% ","0% ","153","6.92","81","10.9869"
"2016","4107652","Fazenda Rio Grande - PR","USD 99.4M","USD 53.9M","0.123","0% ","0% ","0% ","0% ","51","4.133","41","7.747"
"2016","3530508","Mococa - SP","USD 410k","USD 15.4M","0.119","0% ","0% ","0% ","0% ","44","6.864","33","13.86"
"2016","3304110","Porto Real - RJ","USD 388M","USD 542M","0.118","0% ","0% ","0% ","0% ","39","1.315","18","1.202"
"2016","4104253","Campo Magro - PR","USD 1.02M","USD 5.72M","0.117","0% ","0% ","0% ","0% ","32","4.583","24","7.868"
"2016","4303103","Cachoeirinha - RS","USD 98.8M","USD 34M","0.116","0% ","0% ","0% ","0% ","201","34.66","58","13.34"
"2016","4124053","Santa Terezinha de Itaipu - PR","USD 39.5M","USD 8.09M","0.113","0% ","0% ","0% ","0% ","56","3.864","6","2.136"
"2016","4313409","Novo Hamburgo - RS","USD 75.9M","USD 128M","0.11","0% ","0% ","0% ","0% ","311","20.3498","98","25.24"
"2016","3527306","Louveira - SP","USD 421M","USD 22M","0.107","0% ","0% ","0% ","0% ","128","18.41","38","10.5948"
"2016","3536703","Pederneiras - SP","USD 75.1M","USD 202M","0.102","0% ","0% ","0% ","0% ","52","5.429","52","10.5822"
"2016","4218608","Trombudo Central - SC","USD 1.88M","USD 11.2M","0.101","0% ","0% ","0% ","0% ","7","2.522","16","3.492"
"2016","4202206","Benedito Novo - SC","USD 126k","USD 19.6M","0.0951","0% ","0% ","0% ","0% ","7","2.284","9","1.354"
"2016","4219507","Xanxerê - SC","USD 10.5M","USD 3.74M","0.0895","0% ","0% ","0% ","0% ","21","6.999","8","4.225"
"2016","4200200","Agrolândia - SC","USD 222k","USD 1.4M","0.089","0% ","0% ","0% ","0% ","25","6.0218","18","8.875"
"2016","5201405","Aparecida de Goiânia - GO","USD 313M","USD 48.5M","0.0886","0% ","0% ","0% ","0% ","48","3.289","35","5.9"
"2016","4109807","Ibiporã - PR","USD 207M","USD 18.6M","0.0883","0% ","0% ","0% ","0% ","43","9.159","65","7.671"
"2016","3552809","Taboão da Serra - SP","USD 452M","USD 44.3M","0.0866","0% ","0% ","0% ","0% ","159","14.81","47","13.57"
"2016","4309407","Guaporé - RS","USD 2.46M","USD 17M","0.0846","0% ","0% ","0% ","0% ","56","7.596","33","8.992"
"2016","4101002","Ampére - PR","USD 7.27M","USD 4.39M","0.0827","0% ","0% ","0% ","0% ","14","2.243","8","4.909"
"2016","3514908","Elias Fausto - SP","USD 6.03M","USD 8.08M","0.0814","0% ","0% ","0% ","0% ","17","4.345","25","6.259"
"2016","3550605","São Roque - SP","USD 39.8M","USD 11.2M","0.0785","0% ","0% ","0% ","0% ","43","8.18","31","9.464"
"2016","3306305","Volta Redonda - RJ","USD 339M","USD 84.7M","0.0782","0% ","0% ","0% ","0% ","11","1.418","31","12"
"2016","3530706","Mogi Guaçu - SP","USD 40.9M","USD 324M","0.0763","0% ","0% ","0% ","0% ","77","3.839","91","22.69"
"2016","3169406","Três Pontas - MG","USD 4.94M","USD 1.7M","0.0739","0% ","0% ","0% ","0% ","23","5.845","11","7.00942"
"2016","4204202","Chapecó - SC","USD 73.3M","USD 47M","0.0737","0% ","0% ","0% ","0% ","111","8.404","44","4.634"
"2016","4126603","Siqueira Campos - PR","USD 5.99M","USD 2.13M","0.0737","0% ","0% ","0% ","0% ","36","4.0916","15","6.302"
"2016","3522604","Itapira - SP","USD 66.7M","USD 211M","0.0732","0% ","0% ","0% ","0% ","90","4.484","65","11.35"
"2016","3301009","Campos Dos Goytacazes - RJ","USD 37.4M","USD 90.8M","0.0712","0% ","0% ","0% ","0% ","19","1.795","24","2.435"
"2016","3147105","Pará de Minas - MG","USD 13.6M","USD 31.1M","0.0704","0% ","0% ","0% ","0% ","9","1.621","29","8.767"
"2016","3522901","Itapuí - SP","USD 6.11M","USD 1.34M","0.0701","0% ","0% ","0% ","0% ","10","2.995","11","3.284"
"2016","3501905","Amparo - SP","USD 37.1M","USD 158M","0.0677","0% ","0% ","0% ","0% ","110","5.153","69","21.9"
"2016","3518305","Guararema - SP","USD 44.8M","USD 8.89M","0.0651","0% ","0% ","0% ","0% ","22","2.979","24","3.536"
"2016","4210506","Maravilha - SC","USD 6.85M","USD 3.42M","0.0629","0% ","0% ","0% ","0% ","28","3.784","16","6.904"
"2016","3303708","Paraíba do Sul - RJ","USD 8.35M","USD 4.07M","0.0604","0% ","0% ","0% ","0% ","8","1.831","32","6.58"
"2016","3522208","Itapecerica da Serra - SP","USD 165M","USD 9.44M","0.0597","0% ","0% ","0% ","0% ","34","5.126","29","5.939"
"2016","3503802","Artur Nogueira - SP","USD 14.2M","USD 16.7M","0.0585","0% ","0% ","0% ","0% ","45","6.173","30","9.492"
"2016","2606200","Goiana - PE","USD 906M","USD 325M","0.0575","0% ","0% ","0% ","0% ","30","2.57","25","2.442"
"2016","3515103","Embu-Guaçu - SP","USD 18.3M","USD 2.41M","0.0558","0% ","0% ","0% ","0% ","19","4.614","19","4.94"
"2016","4203907","Capinzal - SC","USD 234k","USD 7.6M","0.0551","0% ","0% ","0% ","0% ","17","2.443","10","7.762"
"2016","4114807","Marialva - PR","USD 11.5M","USD 277M","0.0547","0% ","0% ","0% ","0% ","31","2.473","42","10.8431"
"2016","2607752","Itapissuma - PE","USD 94.2M","USD 6.6M","0.0515","0% ","0% ","0% ","0% ","9","2.135","6","1.902"
"2016","4207577","Iomerê - SC","USD 625k","USD 1.77M","0.0514","0% ","0% ","0% ","0% ","6","2.904","9","6.3"
"2016","3556206","Valinhos - SP","USD 194M","USD 117M","0.0481","0% ","0% ","0% ","0% ","252","12.78","71","13.44"
"2016","3151206","Pirapora - MG","USD 10.4M","USD 172M","0.0477","0% ","0% ","0% ","0% ","9","2.653","35","13.41"
"2016","4310363","Imigrante - RS","USD 324k","USD 3.04M","0.0467","0% ","0% ","0% ","0% ","10","1.886","14","4.0712"
"2016","2307700","Maranguape - CE","USD 16.7M","USD 3.82M","0.046","0% ","0% ","0% ","0% ","33","4.555","31","10.3024"
"2016","4211702","Orleans - SC","USD 3.53M","USD 12.8M","0.0421","0% ","0% ","0% ","0% ","32","3.206","11","5.256"
"2016","3171204","Vespasiano - MG","USD 46.6M","USD 19.9M","0.0392","0% ","0% ","0% ","0% ","106","6.0764","26","5.813"
"2016","3170107","Uberaba - MG","USD 808M","USD 199M","0.0392","0% ","0% ","0% ","0% ","152","7.164","60","24.52"
"2016","4317509","Santo Ângelo - RS","USD 3.73M","USD 70.9M","0.038","0% ","0% ","0% ","0% ","15","1.771","22","4.59"
"2016","4113205","Lapa - PR","USD 26.2M","USD 64.9M","0.037","0% ","0% ","0% ","0% ","21","1.44","43","4.912"
"2016","4101705","Araruna - PR","USD 2.18M","USD 1.85M","0.0361","0% ","0% ","0% ","0% ","19","3.368","8","3.706"
"2016","4120853","Quatro Pontes - PR","USD 686k","USD 4.65M","0.0358","0% ","0% ","0% ","0% ","17","7.4","13","5.378"
"2016","4309654","Hulha Negra - RS","USD 2.32M","USD 96M","0.0313","0% ","0% ","0% ","0% ","6","1.458","45","5.768"
"2016","3540754","Potim - SP","USD 1.36M","USD 2.46M","0.0305","0% ","0% ","0% ","0% ","32","6.224","7","2.253"
"2016","3170800","Várzea da Palma - MG","USD 1.8M","USD 35.4M","0.029","0% ","0% ","0% ","0% ","6","2.2","25","14.08"
"2016","4308102","Feliz - RS","USD 1.46M","USD 7.66M","0.0289","0% ","0% ","0% ","0% ","26","2.307","22","2.965"
"2016","3543808","Rinópolis - SP","USD 34.8k","USD 6.46M","0.0281","0% ","0% ","0% ","0% ","39","1.683","17","6.478"
"2016","4104006","Campina Grande do Sul - PR","USD 20M","USD 2.1M","0.026","0% ","0% ","0% ","0% ","58","15.46","10","3.94"
"2016","3500808","Alfredo Marcondes - SP","USD 2.23M","USD 3.85M","0.0236","0% ","0% ","0% ","0% ","17","1.894","47","8.743"
"2016","3538105","Pindorama - SP","USD 594k","USD 8.13M","0.0233","0% ","0% ","0% ","0% ","23","1.988","30","8.288"
"2016","4217204","São Miguel do Oeste - SC","USD 614k","USD 15.3M","0.0233","0% ","0% ","0% ","0% ","29","3.545","12","5.383"
"2016","2307304","Juazeiro do Norte - CE","USD 4.42M","USD 2M","0.0228","0% ","0% ","0% ","0% ","9","3.393","27","14"
"2016","3502903","Araçoiaba da Serra - SP","USD 34.4M","USD 13.4M","0.0228","0% ","0% ","0% ","0% ","6","2.829","12","4.446"
"2016","4126256","Sarandi - PR","USD 4.92M","USD 1.3M","0.0216","0% ","0% ","0% ","0% ","13","2.052","9","1.877"
"2016","4316501","Salvador do Sul - RS","USD 4.48M","USD 15.6M","0.0204","0% ","0% ","0% ","0% ","6","5.102","18","10.2039"
"2016","4124020","Santa Tereza do Oeste - PR","USD 14.8M","USD 3.4M","0.0199","0% ","0% ","0% ","0% ","20","2.732","9","5.466"
"2016","4307054","Ernestina - RS","USD 1.03M","USD 2.14M","0.0183","0% ","0% ","0% ","0% ","88","14.78","26","11.75"
"2016","3138203","Lavras - MG","USD 4.11M","USD 27.7M","0.017","0% ","0% ","0% ","0% ","9","1.254","10","2.694"
"2016","4219176","Vargem Bonita - SC","USD 163k","USD 22.8M","0.0169","0% ","0% ","0% ","0% ","6","2.305","32","15.71"
"2016","4309050","Glorinha - RS","USD 1.01M","USD 13M","0.0163","0% ","0% ","0% ","0% ","14","3.108","16","7.238"
"2016","4204707","Cunha Porã - SC","USD 12.1M","USD 2.12M","0.016","0% ","0% ","0% ","0% ","9","1.693","7","4.127"
"2016","4300604","Alvorada - RS","USD 11.8M","USD 2.39M","0.0144","0% ","0% ","0% ","0% ","28","6.961","20","8.242"
"2016","3553302","Tambaú - SP","USD 472k","USD 2.12M","0.0144","0% ","0% ","0% ","0% ","41","3.97","17","8.862"
"2016","3116605","Cláudio - MG","USD 5.9M","USD 3.94M","0.014","0% ","0% ","0% ","0% ","23","2.563","4","1.6"
"2016","4209904","Lontras - SC","USD 502k","USD 1.75M","0.0125","0% ","0% ","0% ","0% ","13","5.428","14","7.12"
"2016","4119509","Piraquara - PR","USD 13.6M","USD 6.89M","0.0113","0% ","0% ","0% ","0% ","26","1.282","10","1.259"
"2016","4313201","Nova Petrópolis - RS","USD 805k","USD 1.21M","0.0107","0% ","0% ","0% ","0% ","19","3.975","19","10.4128"
"2016","2918001","Jequié - BA","USD 5.51M","USD 5.7M","0.0104","0% ","0% ","0% ","0% ","10","3.436","40","23.32"
"2016","4212908","Pinhalzinho - SC","USD 9.01M","USD 11.4M","0.0101","0% ","0% ","0% ","0% ","30","3.279","15","5.439"
"2016","4102000","Assis Chateaubriand - PR","USD 2.73M","USD 6.11M","0.00951","0% ","0% ","0% ","0% ","9","1.855","6","1.882"
"2016","4108403","Francisco Beltrão - PR","USD 15.8M","USD 3.4M","0.00785","0% ","0% ","0% ","0% ","19","4.563","17","9.326"
"2016","4323309","Vila Flores - RS","USD 4.37M","USD 2.35M","0.00551","0% ","0% ","0% ","0% ","8","2.89","10","3.0187"
"2016","3156700","Sabará - MG","USD 25.2M","USD 13M","0.00545","0% ","0% ","0% ","0% ","13","4.431","11","4.307"
"2016","3549409","São Joaquim da Barra - SP","USD 6.53M","USD 80.8M","0.00512","0% ","0% ","0% ","0% ","67","1.676","56","17.89"
"2016","2313500","Trairi - CE","USD 1.07M","USD 1.38M","0.00494","0% ","0% ","0% ","0% ","29","7.611","3","1.967"
"2016","4117701","Palmeira - PR","USD 10.6M","USD 2.09M","0.00479","0% ","0% ","0% ","0% ","31","9.797","15","7.583"
"2016","4306767","Eldorado do Sul - RS","USD 32.1M","USD 2.41M","0.00439","0% ","0% ","0% ","0% ","9","1.335","29","8.904"
"2016","3141108","Matozinhos - MG","USD 5.32M","USD 13.4M","0.00433","0% ","0% ","0% ","0% ","15","1.821","15","3.494"
"2016","3130101","Igarapé - MG","USD 46.5k","USD 1.62M","0.00351","0% ","0% ","0% ","0% ","21","1.859","11","6.0798"
"2016","2405801","João Câmara - RN","USD 2.19M","USD 1.3M","0.00252","0% ","0% ","0% ","0% ","14","3.0894","1","1"
"2016","4208401","Itapiranga - SC","USD 327k","USD 107M","0.00222","0% ","0% ","0% ","0% ","6","2.608","28","6.384"
"2016","3557303","Estiva Gerbi - SP","USD 275k","USD 3.17M","0.00198","0% ","0% ","0% ","0% ","6","1.199","17","7.496"
"2016","3162922","São Joaquim de Bicas - MG","USD 830k","USD 2.84M","0.00179","0% ","0% ","0% ","0% ","10","2.101","4","1.0945"
"2016","1500602","Altamira - PA","USD 209k","USD 7.61M","0.00122","0% ","0% ","0% ","0% ","8","3.998","7","1.989"
"2016","4211603","Nova Veneza - SC","USD 919k","USD 51.1M","0.00101","0% ","0% ","0% ","0% ","35","1.346","43","7.325"
"2016","3169901","Ubá - MG","USD 3.04M","USD 1.42M","0.000954","0% ","0% ","0% ","0% ","9","1.785","13","5.41"
"2016","3119104","Corinto - MG","USD 83k","USD 1.67M","-0.000262","0% ","0% ","0% ","0% ","10","2.00296","18","8.243"
"2016","4320206","Seberi - RS","USD 0","USD 14.7M","-0.00042","0% ","0% ","0% ","0% ","6","1.635","17","7.725"
"2016","4301909","Barra do Ribeiro - RS","USD 2.56M","USD 6.82M","-0.000629","0% ","0% ","0% ","0% ","11","1.0273","24","6.428"
"2016","4312385","Monte Belo do Sul - RS","USD 62.5k","USD 2.55M","-0.000748","0% ","0% ","0% ","0% ","8","1.109","20","11.57"
"2016","4313359","Nova Roma do Sul - RS","USD 2.1M","USD 1.71M","-0.000986","0% ","0% ","0% ","0% ","15","2.425","6","4.429"
"2016","3528502","Mairiporã - SP","USD 9.02M","USD 8.5M","-0.0012","0% ","0% ","0% ","0% ","100","6.941","22","8.0868"
"2016","3129806","Ibirité - MG","USD 4.23M","USD 6.03M","-0.00121","0% ","0% ","0% ","0% ","17","3.547","12","4.138"
"2016","4300802","Antônio Prado - RS","USD 5.25M","USD 8.81M","-0.00147","0% ","0% ","0% ","0% ","10","1.292","19","3.934"
"2016","3515509","Fernandópolis - SP","USD 68.2k","USD 2.36M","-0.00162","0% ","0% ","0% ","0% ","11","3.0332","9","2.486"
"2016","4209003","Joaçaba - SC","USD 11.7M","USD 13.8M","-0.00166","0% ","0% ","0% ","0% ","25","2.985","26","9.556"
"2016","1721000","Palmas - TO","USD 63.1M","USD 28.6M","-0.00174","0% ","0% ","0% ","0% ","13","1.0982","11","2.929"
"2016","4310009","Ibirubá - RS","USD 2.12M","USD 14.9M","-0.00205","0% ","0% ","0% ","0% ","30","4.722","30","7.507"
"2016","4203303","Campo Alegre - SC","USD 6.32M","USD 23.3M","-0.00239","0% ","0% ","0% ","0% ","34","1.0893","17","3.774"
"2016","4308508","Frederico Westphalen - RS","USD 9.74M","USD 6.38M","-0.00262","0% ","0% ","0% ","0% ","7","1.569","11","3.39"
"2016","3118304","Conselheiro Lafaiete - MG","USD 812k","USD 5.19M","-0.00274","0% ","0% ","0% ","0% ","18","2.115","13","6.46"
"2016","2403251","Parnamirim - RN","USD 15.4M","USD 5.38M","-0.0032","0% ","0% ","0% ","0% ","12","1.572","10","3.282"
"2016","4215109","Rodeio - SC","USD 9.53M","USD 1.26M","-0.00325","0% ","0% ","0% ","0% ","10","1.979","6","1.95"
"2016","4203956","Capivari de Baixo - SC","USD 6.26M","USD 1.54M","-0.00325","0% ","0% ","0% ","0% ","8","1.532","16","6.674"
"2016","4208500","Ituporanga - SC","USD 1.42M","USD 8.07M","-0.00347","0% ","0% ","0% ","0% ","8","1.251","15","4.796"
"2016","4127403","Terra Roxa - PR","USD 1.15M","USD 3.9M","-0.00415","0% ","0% ","0% ","0% ","7","1.0286","7","1.251"
"2016","3123007","Dores de Campos - MG","USD 2.92M","USD 1.85M","-0.0044","0% ","0% ","0% ","0% ","6","1.0319","16","7.494"
"2016","2919207","Lauro de Freitas - BA","USD 44.5M","USD 11.7M","-0.00473","0% ","0% ","0% ","0% ","40","1.848","17","1.73"
"2016","3530300","Mirassol - SP","USD 2.09M","USD 5.55M","-0.00481","0% ","0% ","0% ","0% ","17","4.594","12","5.595"
"2016","5103353","Confresa - MT","USD 0","USD 30M","-0.00498","0% ","0% ","0% ","0% ","6","1.75","14","3.75"
"2016","3552106","Socorro - SP","USD 2.6M","USD 6.13M","-0.00526","0% ","0% ","0% ","0% ","6","2.863","9","2.375"
"2016","4219002","Urussanga - SC","USD 655k","USD 4.64M","-0.00535","0% ","0% ","0% ","0% ","37","3.919","24","12.44"
"2016","4124103","Santo Antônio da Platina - PR","USD 21.8M","USD 1.46M","-0.00535","0% ","0% ","0% ","0% ","22","3.482","19","3.668"
"2016","2211001","Teresina - PI","USD 62.4M","USD 3.04M","-0.00546","0% ","0% ","0% ","0% ","7","2.809","8","2.625"
"2016","3545308","Salto de Pirapora - SP","USD 170M","USD 6.28M","-0.00547","0% ","0% ","0% ","0% ","30","2.296","13","5.68"
"2016","1200401","Rio Branco - AC","USD 946k","USD 2.64M","-0.0059","0% ","0% ","0% ","0% ","8","5.351","13","7.0173"
"2016","3521408","Iracemápolis - SP","USD 238M","USD 72.7M","-0.00591","0% ","0% ","0% ","0% ","25","2.194","26","9.304"
"2016","4219309","Videira - SC","USD 25.8M","USD 17.1M","-0.00655","0% ","0% ","0% ","0% ","41","5.449","22","6.272"
"2016","4211900","Palhoça - SC","USD 180M","USD 8.35M","-0.00752","0% ","0% ","0% ","0% ","108","8.434","56","13.07"
"2016","4314035","Pareci Novo - RS","USD 776k","USD 4.34M","-0.00773","0% ","0% ","0% ","0% ","6","1.59","8","1.926"
"2016","4300406","Alegrete - RS","USD 314k","USD 10.4M","-0.00797","0% ","0% ","0% ","0% ","7","1.404","11","3.534"
"2016","3527405","Lucélia - SP","USD 4.8k","USD 21.2M","-0.00843","0% ","0% ","0% ","0% ","7","1.697","23","11.46"
"2016","4214151","Princesa - SC","USD 111k","USD 1.22M","-0.00866","0% ","0% ","0% ","0% ","15","1.844","23","7.927"
"2016","4206108","Grão Pará - SC","USD 0","USD 2.08M","-0.00907","0% ","0% ","0% ","0% ","24","7.606","10","6.31"
"2016","4213609","Porto União - SC","USD 155k","USD 56.6M","-0.00909","0% ","0% ","0% ","0% ","9","1.274","25","3.542"
"2016","4321451","Teutônia - RS","USD 15.7M","USD 6.61M","-0.00934","0% ","0% ","0% ","0% ","13","2.764","10","1.81"
"2016","1503044","Floresta do Araguaia - PA","USD 1.57k","USD 11.4M","-0.00944","0% ","0% ","0% ","0% ","6","2.184","13","6.523"
"2016","3149309","Pedro Leopoldo - MG","USD 3.41M","USD 3.86M","-0.00969","0% ","0% ","0% ","0% ","16","3.24","13","5.69"
"2016","4213708","Pouso Redondo - SC","USD 83.7k","USD 5.01M","-0.0108","0% ","0% ","0% ","0% ","6","1.879","11","2.463"
"2016","3553401","Tanabi - SP","USD 207k","USD 57.4M","-0.0108","0% ","0% ","0% ","0% ","8","1.136","24","8.907"
"2016","3147907","Passos - MG","USD 1.59M","USD 34.2M","-0.0109","0% ","0% ","0% ","0% ","14","1.148","28","3.612"
"2016","2503209","Cabedelo - PB","USD 94.5M","USD 1.72M","-0.011","0% ","0% ","0% ","0% ","6","1.39","11","5.132"
"2016","3500709","Agudos - SP","USD 23.6M","USD 8.56M","-0.0114","0% ","0% ","0% ","0% ","9","1.865","22","11.06"
"2016","4118501","Pato Branco - PR","USD 53.2M","USD 37.7M","-0.012","0% ","0% ","0% ","0% ","33","4.0575","48","15.8"
"2016","3301900","Itaboraí - RJ","USD 8.27M","USD 1.41M","-0.0126","0% ","0% ","0% ","0% ","38","10.8307","24","9.796"
"2016","4318903","São Luiz Gonzaga - RS","USD 0","USD 13.2M","-0.0132","0% ","0% ","0% ","0% ","25","1.624","11","3.0208"
"2016","-","Unreported - XX","USD 24.6k","USD 70.8M","-0.0132","0% ","0% ","0% ","0% ","7","2.0667","19","7.463"
"2016","2910727","Eunápolis - BA","USD 6.9M","USD 279M","-0.014","0% ","0% ","0% ","0% ","6","1.00678","12","7.00287"
"2016","4320909","Tapejara - RS","USD 38.9M","USD 19.3M","-0.014","0% ","0% ","0% ","0% ","17","3.611","51","18.43"
"2016","3506003","Bauru - SP","USD 56.3M","USD 221M","-0.014","0% ","0% ","0% ","0% ","176","12.49","88","12.98"
"2016","3541307","Presidente Epitácio - SP","USD 2.27M","USD 33.2M","-0.0141","0% ","0% ","0% ","0% ","6","1.0406","9","1.878"
"2016","3542206","Rancharia - SP","USD 14.6k","USD 26.2M","-0.0146","0% ","0% ","0% ","0% ","6","2.218","37","6.771"
"2016","2927200","Ruy Barbosa - BA","USD 228k","USD 5.07M","-0.0148","0% ","0% ","0% ","0% ","6","1.475","40","24.4"
"2016","3536307","Patrocínio Paulista - SP","USD 1.55M","USD 61.5M","-0.015","0% ","0% ","0% ","0% ","8","1.279","21","11.49"
"2016","3539301","Pirassununga - SP","USD 1.95M","USD 34M","-0.0152","0% ","0% ","0% ","0% ","20","3.198","68","20.2539"
"2016","4302352","Bom Princípio - RS","USD 1.04M","USD 4.72M","-0.0153","0% ","0% ","0% ","0% ","13","4.246","22","13.42"
"2016","3509403","Cajuru - SP","USD 1.18M","USD 15.5M","-0.0157","0% ","0% ","0% ","0% ","38","5.776","43","19.57"
"2016","2922003","Mucuri - BA","USD 8.44M","USD 647M","-0.0159","0% ","0% ","0% ","0% ","6","1.421","52","4.402"
"2016","4206900","Ibirama - SC","USD 988k","USD 9.08M","-0.0163","0% ","0% ","0% ","0% ","7","1.069","29","13.9"
"2016","4109757","Ibema - PR","USD 38.7k","USD 5.33M","-0.0168","0% ","0% ","0% ","0% ","6","1.989","6","3.216"
"2016","5107305","São José do Rio Claro - MT","USD 8.24k","USD 42M","-0.0173","0% ","0% ","0% ","0% ","6","2.449","24","9.778"
"2016","3505609","Barrinha - SP","USD 610k","USD 1.51M","-0.0179","0% ","0% ","0% ","0% ","7","2.601","4","3.125"
"2016","3205309","Vitoria - ES","USD 1.54B","USD 2.23B","-0.0185","0% ","0% ","0% ","0% ","144","3.161","76","12.4"
"2016","4113502","Loanda - PR","USD 1.39M","USD 3.42M","-0.0188","0% ","0% ","0% ","0% ","7","2.118","4","1.314"
"2016","2200400","Altos - PI","USD 1.71M","USD 2.8M","-0.0191","0% ","0% ","0% ","0% ","26","3.682","9","6.157"
"2016","5003702","Dourados - MS","USD 86M","USD 127M","-0.0191","0% ","0% ","0% ","0% ","14","1.926","35","4.562"
"2016","3146008","Ouro Fino - MG","USD 659k","USD 90M","-0.0192","0% ","0% ","0% ","0% ","12","1.106","35","9.215"
"2016","5211909","Jataí - GO","USD 79.9M","USD 73.1M","-0.0192","0% ","0% ","0% ","0% ","7","3.247","23","9.317"
"2016","2104552","Governador Edison Lobão - MA","USD 732k","USD 5.83M","-0.0203","0% ","0% ","0% ","0% ","6","2.959","9","4.571"
"2016","2311405","Quixeramobim - CE","USD 2.47M","USD 8.16M","-0.0208","0% ","0% ","0% ","0% ","17","3.271","28","2.233"
"2016","3144706","Nova Era - MG","USD 87.7k","USD 45.7M","-0.0218","0% ","0% ","0% ","0% ","23","1.00855","3","1.00703"
"2016","4217501","Seara - SC","USD 2.43M","USD 129M","-0.0219","0% ","0% ","0% ","0% ","8","2.717","39","9.863"
"2016","3505906","Batatais - SP","USD 1.49M","USD 65.3M","-0.0222","0% ","0% ","0% ","0% ","64","1.754","45","14.16"
"2016","4115804","Medianeira - PR","USD 17.5M","USD 75.4M","-0.0225","0% ","0% ","0% ","0% ","28","1.736","13","3.972"
"2016","3304524","Rio Das Ostras - RJ","USD 6.84M","USD 2M","-0.0229","0% ","0% ","0% ","0% ","50","5.566","17","3.416"
"2016","4216909","São Lourenço do Oeste - SC","USD 906k","USD 4.16M","-0.023","0% ","0% ","0% ","0% ","6","1.706","11","3.381"
"2016","3200706","Atilio Vivacqua - ES","USD 1.6M","USD 14.9M","-0.023","0% ","0% ","0% ","0% ","7","1.141","26","2.482"
"2016","3549102","São João da Boa Vista - SP","USD 12.4M","USD 32M","-0.0231","0% ","0% ","0% ","0% ","68","4.644","53","11.78"
"2016","4205456","Forquilhinha - SC","USD 7.54M","USD 87.7M","-0.0236","0% ","0% ","0% ","0% ","7","1.239","40","9.519"
"2016","4217006","São Ludgero - SC","USD 628k","USD 6.01M","-0.0252","0% ","0% ","0% ","0% ","6","2.825","10","5.00742"
"2016","3164704","São Sebastião do Paraíso - MG","USD 8.12M","USD 24M","-0.0254","0% ","0% ","0% ","0% ","13","4.308","46","11.49"
"2016","4207700","Ipumirim - SC","USD 441k","USD 45.7M","-0.0257","0% ","0% ","0% ","0% ","6","2.447","28","7.731"
"2016","4316006","Rolante - RS","USD 1.31M","USD 15.4M","-0.0258","0% ","0% ","0% ","0% ","6","1.0499","29","5.957"
"2016","3525300","Jaú - SP","USD 2.2M","USD 4.73M","-0.0259","0% ","0% ","0% ","0% ","47","9.264","58","23.79"
"2016","4102901","Bituruna - PR","USD 33.7k","USD 14.6M","-0.0261","0% ","0% ","0% ","0% ","6","1.674","37","7.539"
"2016","4304408","Canela - RS","USD 1.61M","USD 2.59M","-0.0263","0% ","0% ","0% ","0% ","33","6.776","15","5.562"
"2016","3546405","Santa Cruz do Rio Pardo - SP","USD 65.5M","USD 20.3M","-0.0264","0% ","0% ","0% ","0% ","27","1.935","30","7.489"
"2016","5101902","Brasnorte - MT","USD 0","USD 110M","-0.0265","0% ","0% ","0% ","0% ","7","2.205","27","10.1108"
"2016","4317608","Santo Antônio da Patrulha - RS","USD 4.41M","USD 6.29M","-0.027","0% ","0% ","0% ","0% ","37","7.908","29","14.36"
"2016","3535309","Palmital - SP","USD 3.35M","USD 1.42M","-0.0271","0% ","0% ","0% ","0% ","8","2.661","15","9.551"
"2016","4303004","Cachoeira do Sul - RS","USD 2.73M","USD 58.2M","-0.0272","0% ","0% ","0% ","0% ","28","2.0887","27","3.807"
"2016","4112108","Jandaia do Sul - PR","USD 5.3M","USD 27.7M","-0.0278","0% ","0% ","0% ","0% ","9","1.718","24","8.631"
"2016","5106240","Nova Ubiratã - MT","USD 0","USD 134M","-0.0287","0% ","0% ","0% ","0% ","6","2.0989","29","8.156"
"2016","1709500","Gurupi - TO","USD 1.61M","USD 75.4M","-0.0287","0% ","0% ","0% ","0% ","6","3.122","16","6.619"
"2016","4313060","Nova Hartz - RS","USD 6.23M","USD 15.5M","-0.0291","0% ","0% ","0% ","0% ","9","3.0219","59","18.24"
"2016","4114203","Mandaguari - PR","USD 20.8M","USD 25.7M","-0.0292","0% ","0% ","0% ","0% ","30","6.641","20","7.0331"
"2016","4127700","Toledo - PR","USD 156M","USD 20.8M","-0.0293","0% ","0% ","0% ","0% ","55","5.0706","15","4.718"
"2016","4115606","Matelândia - PR","USD 21.4M","USD 150M","-0.03","0% ","0% ","0% ","0% ","7","1.523","27","9.552"
"2016","3519600","Ibitinga - SP","USD 2.29M","USD 2.41M","-0.0301","0% ","0% ","0% ","0% ","21","2.918","15","4.299"
"2016","1100924","Chupinguaia - RO","USD 0","USD 44.2M","-0.0301","0% ","0% ","0% ","0% ","6","1.827","13","3.714"
"2016","5100250","Alta Floresta - MT","USD 42.2k","USD 19.3M","-0.0307","0% ","0% ","0% ","0% ","7","2.937","26","8.131"
"2016","3101607","Alfenas - MG","USD 48.2M","USD 117M","-0.0311","0% ","0% ","0% ","0% ","11","1.4","30","10.1226"
"2016","1501501","Benevides - PA","USD 3.27M","USD 8.33M","-0.0325","0% ","0% ","0% ","0% ","6","3.385","23","12.49"
"2016","3304003","Piraí - RJ","USD 7.64M","USD 46.2M","-0.0327","0% ","0% ","0% ","0% ","15","2.0695","31","6.956"
"2016","4202800","Braço do Norte - SC","USD 3.68M","USD 17.3M","-0.0331","0% ","0% ","0% ","0% ","69","4.912","35","4.511"
"2016","4204301","Concórdia - SC","USD 13.3M","USD 7.44M","-0.0337","0% ","0% ","0% ","0% ","9","5.44","6","4.0313"
"2016","4214706","Rio Dos Cedros - SC","USD 1.01M","USD 17.3M","-0.0348","0% ","0% ","0% ","0% ","39","2.0134","20","3.118"
"2016","3501707","Américo Brasiliense - SP","USD 4.57M","USD 141M","-0.0348","0% ","0% ","0% ","0% ","20","1.449","26","15.22"
"2016","2508901","Mamanguape - PB","USD 2.44M","USD 10.8M","-0.0349","0% ","0% ","0% ","0% ","6","4.458","12","7.988"
"2016","4302402","Bom Retiro do Sul - RS","USD 1.44M","USD 1.68M","-0.0349","0% ","0% ","0% ","0% ","28","3.468","18","5.896"
"2016","2305233","Horizonte - CE","USD 24.4M","USD 13.4M","-0.035","0% ","0% ","0% ","0% ","12","3.0922","9","2.78"
"2016","3203403","Mimoso do Sul - ES","USD 1.75M","USD 14.5M","-0.0352","0% ","0% ","0% ","0% ","6","1.165","40","10.2895"
"2016","5002902","Cassilândia - MS","USD 6.79k","USD 25.5M","-0.0356","0% ","0% ","0% ","0% ","6","2.436","14","5.862"
"2016","3170701","Varginha - MG","USD 153M","USD 1.1B","-0.0363","0% ","0% ","0% ","0% ","79","1.499","74","17.03"
"2016","2513703","Santa Rita - PB","USD 48.3M","USD 13.5M","-0.0367","0% ","0% ","0% ","0% ","8","4.884","19","5.266"
"2016","2501807","Bayeux - PB","USD 7.78M","USD 1.75M","-0.0369","0% ","0% ","0% ","0% ","33","1.75","5","1.733"
"2016","4322707","Vera Cruz - RS","USD 1.5M","USD 43.6M","-0.0371","0% ","0% ","0% ","0% ","13","1.147","31","4.194"
"2016","4212205","Papanduva - SC","USD 185k","USD 15M","-0.039","0% ","0% ","0% ","0% ","8","2.793","13","1.762"
"2016","4313037","Nova Esperança do Sul - RS","USD 5.82M","USD 49.6M","-0.0391","0% ","0% ","0% ","0% ","8","1.65","19","8.888"
"2016","3137205","Lagoa da Prata - MG","USD 6.2M","USD 6.17M","-0.0397","0% ","0% ","0% ","0% ","9","1.783","21","8.403"
"2016","2207702","Parnaíba - PI","USD 1.43M","USD 14.4M","-0.04","0% ","0% ","0% ","0% ","28","2.742","21","7.764"
"2016","3512001","Colina - SP","USD 224k","USD 80.2M","-0.04","0% ","0% ","0% ","0% ","7","2.715","52","14.15"
"2016","3551009","São Vicente - SP","USD 6.73M","USD 4.08M","-0.0404","0% ","0% ","0% ","0% ","20","2.647","32","15.7"
"2016","4204558","Correia Pinto - SC","USD 2.49M","USD 35.9M","-0.0405","0% ","0% ","0% ","0% ","18","2.0978","44","10.7921"
"2016","4321709","Três Coroas - RS","USD 22.3M","USD 19.5M","-0.0409","0% ","0% ","0% ","0% ","15","3.162","72","29.1"
"2016","1505502","Paragominas - PA","USD 4.22M","USD 175M","-0.0412","0% ","0% ","0% ","0% ","11","1.374","19","5.108"
"2016","3201407","Castelo - ES","USD 4.97M","USD 35.7M","-0.0419","0% ","0% ","0% ","0% ","6","1.525","29","2.47"
"2016","5208004","Formosa - GO","USD 4.47M","USD 21.5M","-0.042","0% ","0% ","0% ","0% ","6","1.289","12","4.572"
"2016","5105150","Juína - MT","USD 0","USD 8.66M","-0.0421","0% ","0% ","0% ","0% ","6","4.61","19","6.182"
"2016","4217709","Sombrio - SC","USD 2.17M","USD 5.8M","-0.0424","0% ","0% ","0% ","0% ","20","1.602","13","3.127"
"2016","4208104","Itaiópolis - SC","USD 287k","USD 52.4M","-0.0425","0% ","0% ","0% ","0% ","7","1.537","30","12.88"
"2016","4217402","Schroeder - SC","USD 4.75M","USD 2.67M","-0.0425","0% ","0% ","0% ","0% ","20","5.565","20","7.466"
"2016","2916401","Itapetinga - BA","USD 963k","USD 15.9M","-0.0431","0% ","0% ","0% ","0% ","7","3.896","20","5.711"
"2016","4109708","Ibaiti - PR","USD 703k","USD 28.5M","-0.0438","0% ","0% ","0% ","0% ","10","1.128","29","6.216"
"2016","4306908","Encruzilhada do Sul - RS","USD 198k","USD 2.48M","-0.0447","0% ","0% ","0% ","0% ","8","1.477","23","7.11"
"2016","2909802","Cruz Das Almas - BA","USD 687k","USD 6.85M","-0.0448","0% ","0% ","0% ","0% ","10","3.769","20","9.396"
"2016","5106307","Paranatinga - MT","USD 0","USD 84M","-0.0449","0% ","0% ","0% ","0% ","6","2.875","26","11.04"
"2016","4208807","Jaguaruna - SC","USD 5.04k","USD 3.8M","-0.046","0% ","0% ","0% ","0% ","12","1.48","33","12.06"
"2016","2904902","Cachoeira - BA","USD 12.2M","USD 94.9M","-0.0462","0% ","0% ","0% ","0% ","6","1.352","21","8.648"
"2016","4119103","Piên - PR","USD 2.99M","USD 43.4M","-0.047","0% ","0% ","0% ","0% ","17","1.214","26","4.334"
"2016","4303905","Campo Bom - RS","USD 57.3M","USD 89.5M","-0.0477","0% ","0% ","0% ","0% ","252","10.6247","89","24.51"
"2016","1506807","Santarém - PA","USD 7.26M","USD 74.4M","-0.0481","0% ","0% ","0% ","0% ","10","1.933","49","6.976"
"2016","4103701","Cambé - PR","USD 178M","USD 93.5M","-0.0482","0% ","0% ","0% ","0% ","68","7.218","48","9.528"
"2016","4110102","Imbituva - PR","USD 2.16M","USD 31.3M","-0.0489","0% ","0% ","0% ","0% ","12","1.981","46","13"
"2016","4314902","Porto Alegre - RS","USD 642M","USD 1.83B","-0.0491","0% ","0% ","0% ","0% ","445","3.545","125","5.0877"
"2016","3127107","Frutal - MG","USD 16.8k","USD 75.3M","-0.0493","0% ","0% ","0% ","0% ","14","1.514","39","21.94"
"2016","3205010","Sooretama - ES","USD 1.09M","USD 5.2M","-0.0497","0% ","0% ","0% ","0% ","10","1.476","17","5.51"
"2016","2303501","Cascavel - CE","USD 16.8M","USD 117M","-0.0498","0% ","0% ","0% ","0% ","6","1.241","33","7.387"
"2016","5212501","Luziânia - GO","USD 5.39M","USD 159M","-0.0514","0% ","0% ","0% ","0% ","6","2.671","40","10.0206"
"2016","1702109","Araguaína - TO","USD 491k","USD 77.2M","-0.0515","0% ","0% ","0% ","0% ","6","2.267","25","10.0526"
"2016","4312609","Muçum - RS","USD 508k","USD 30.5M","-0.0537","0% ","0% ","0% ","0% ","12","2.89","38","13.24"
"2016","4211306","Navegantes - SC","USD 280M","USD 67.9M","-0.054","0% ","0% ","0% ","0% ","91","2.471","40","2.986"
"2016","3135100","Janaúba - MG","USD 139k","USD 60.6M","-0.0542","0% ","0% ","0% ","0% ","7","2.108","25","10.0363"
"2016","3172004","Visconde do Rio Branco - MG","USD 1.11M","USD 9.95M","-0.0543","0% ","0% ","0% ","0% ","6","1.816","9","3.943"
"2016","3133105","Itanhandu - MG","USD 49k","USD 4.47M","-0.0544","0% ","0% ","0% ","0% ","7","1.579","12","2.536"
"2016","4203600","Campos Novos - SC","USD 1.8M","USD 25.8M","-0.0548","0% ","0% ","0% ","0% ","25","4.0628","32","13.24"
"2016","4311809","Marau - RS","USD 17.8M","USD 34.6M","-0.0552","0% ","0% ","0% ","0% ","41","2.983","36","12.64"
"2016","4322301","Tuparendi - RS","USD 0","USD 9.79M","-0.0555","0% ","0% ","0% ","0% ","23","2.135","9","4.922"
"2016","2306405","Itapipoca - CE","USD 10.2M","USD 45M","-0.0558","0% ","0% ","0% ","0% ","8","1.727","22","2.529"
"2016","3501301","Álvares Machado - SP","USD 366k","USD 3.47M","-0.0566","0% ","0% ","0% ","0% ","12","2.429","19","10.8205"
"2016","3203908","Nova Venécia - ES","USD 1.14M","USD 25.4M","-0.0567","0% ","0% ","0% ","0% ","8","2.317","28","3.941"
"2016","3134400","Iturama - MG","USD 0","USD 127M","-0.0573","0% ","0% ","0% ","0% ","6","1.842","33","14.2"
"2016","3528007","Macatuba - SP","USD 1.39k","USD 11.8M","-0.0579","0% ","0% ","0% ","0% ","18","1.604","34","17.84"
"2016","3505203","Bariri - SP","USD 5.27M","USD 37.4M","-0.0586","0% ","0% ","0% ","0% ","15","1.363","25","9.477"
"2016","2616407","Vitória de Santo Antão - PE","USD 23.9M","USD 11.1M","-0.059","0% ","0% ","0% ","0% ","6","2.363","27","8.0848"
"2016","4215505","Santa Cecília - SC","USD 781k","USD 39.6M","-0.0593","0% ","0% ","0% ","0% ","16","2.0338","34","4.726"
"2016","3510005","Cândido Mota - SP","USD 881k","USD 10.1M","-0.0594","0% ","0% ","0% ","0% ","7","2.105","8","3.809"
"2016","3542008","Quintana - SP","USD 28.9k","USD 25.2M","-0.0597","0% ","0% ","0% ","0% ","6","1.287","11","1.341"
"2016","4202008","Balneário Camboriú - SC","USD 63.5M","USD 13.3M","-0.0617","0% ","0% ","0% ","0% ","73","6.342","36","11.19"
"2016","2600054","Abreu e Lima - PE","USD 15M","USD 1.99M","-0.0617","0% ","0% ","0% ","0% ","6","2.327","16","6.731"
"2016","1100288","Rolim de Moura - RO","USD 0","USD 58.1M","-0.0617","0% ","0% ","0% ","0% ","9","2.436","30","10.2759"
"2016","2101400","Balsas - MA","USD 7.41M","USD 279M","-0.0619","0% ","0% ","0% ","0% ","7","1.639","25","6.356"
"2016","3205036","Vargem Alta - ES","USD 691k","USD 14.2M","-0.0627","0% ","0% ","0% ","0% ","8","1.138","19","1.756"
"2016","5300108","Brasília - DF","USD 1.49B","USD 120M","-0.0628","0% ","0% ","0% ","0% ","131","6.397","73","12.61"
"2016","4124400","Santo Antônio do Sudoeste - PR","USD 2.99M","USD 1.6M","-0.0631","0% ","0% ","0% ","0% ","7","3.0377","4","2.553"
"2016","4208906","Jaraguá do Sul - SC","USD 262M","USD 511M","-0.0633","0% ","0% ","0% ","0% ","356","5.653","133","23"
"2016","4315800","Roca Sales - RS","USD 546k","USD 27.8M","-0.064","0% ","0% ","0% ","0% ","11","2.181","27","7.419"
"2016","4319901","Sapiranga - RS","USD 55.9M","USD 120M","-0.0641","0% ","0% ","0% ","0% ","150","7.0912","89","25.79"
"2016","4304200","Candelária - RS","USD 551k","USD 2.37M","-0.0647","0% ","0% ","0% ","0% ","6","2.121","2","1.0509"
"2016","4216305","São João Batista - SC","USD 10.3M","USD 10.2M","-0.0647","0% ","0% ","0% ","0% ","35","3.0168","41","19.41"
"2016","3523107","Itaquaquecetuba - SP","USD 40.5M","USD 26.3M","-0.0651","0% ","0% ","0% ","0% ","117","22.68","43","16.58"
"2016","3518206","Guararapes - SP","USD 0","USD 58.2M","-0.0659","0% ","0% ","0% ","0% ","6","1.802","19","13.03"
"2016","5107909","Sinop - MT","USD 2.09M","USD 491M","-0.0674","0% ","0% ","0% ","0% ","11","1.903","38","13"
"2016","4308201","Flores da Cunha - RS","USD 12M","USD 43.3M","-0.0679","0% ","0% ","0% ","0% ","51","6.678","46","9.904"
"2016","3105608","Barbacena - MG","USD 2.8M","USD 73.6M","-0.069","0% ","0% ","0% ","0% ","12","3.374","41","15.09"
"2016","3120904","Curvelo - MG","USD 826","USD 12.1M","-0.0694","0% ","0% ","0% ","0% ","7","1.711","24","2.0921"
"2016","2928802","Santo Estêvão - BA","USD 2.58M","USD 21.3M","-0.0696","0% ","0% ","0% ","0% ","6","2.603","20","2.308"
"2016","2925303","Porto Seguro - BA","USD 334k","USD 3.17M","-0.0697","0% ","0% ","0% ","0% ","10","2.353","7","2.298"
"2016","4211454","Nova Itaberaba - SC","USD 567k","USD 4.65M","-0.0698","0% ","0% ","0% ","0% ","8","2.0458","6","3.731"
"2016","3542404","Regente Feijó - SP","USD 5.91M","USD 4.22M","-0.071","0% ","0% ","0% ","0% ","7","1.157","7","4.457"
"2016","3147303","Paraisópolis - MG","USD 20.4M","USD 27.8M","-0.0722","0% ","0% ","0% ","0% ","20","1.129","19","2.22"
"2016","5005707","Naviraí - MS","USD 151k","USD 90.1M","-0.0756","0% ","0% ","0% ","0% ","9","3.998","25","9.482"
"2016","4210100","Mafra - SC","USD 44.4M","USD 35.3M","-0.0761","0% ","0% ","0% ","0% ","20","6.698","36","16.09"
"2016","3515186","Espírito Santo do Pinhal - SP","USD 13.5M","USD 46.9M","-0.0763","0% ","0% ","0% ","0% ","54","2.607","68","21.97"
"2016","3522703","Itápolis - SP","USD 2.61M","USD 10.7M","-0.0769","0% ","0% ","0% ","0% ","8","2.747","14","3.817"
"2016","3201506","Colatina - ES","USD 5.95M","USD 98.5M","-0.0783","0% ","0% ","0% ","0% ","33","5.345","54","24.55"
"2016","5001904","Bataguassu - MS","USD 30.8M","USD 116M","-0.079","0% ","0% ","0% ","0% ","10","2.408","30","8.318"
"2016","1200104","Brasiléia - AC","USD 439k","USD 7.4M","-0.0792","0% ","0% ","0% ","0% ","51","4.688","13","3.971"
"2016","4314050","Parobé - RS","USD 3.87M","USD 19.1M","-0.0794","0% ","0% ","0% ","0% ","20","2.659","57","15.01"
"2016","2904605","Brumado - BA","USD 769k","USD 80.2M","-0.0809","0% ","0% ","0% ","0% ","29","1.989","44","11.14"
"2016","1505106","Óbidos - PA","USD 306k","USD 1.88M","-0.0811","0% ","0% ","0% ","0% ","7","1.948","15","6.497"
"2016","4101804","Araucária - PR","USD 1.08B","USD 678M","-0.0824","0% ","0% ","0% ","0% ","184","14.87","77","17.38"
"2016","3513702","Descalvado - SP","USD 15.1M","USD 24.1M","-0.0836","0% ","0% ","0% ","0% ","21","1.107","22","6.597"
"2016","3540705","Porto Ferreira - SP","USD 21.2M","USD 5.13M","-0.084","0% ","0% ","0% ","0% ","20","4.952","45","18.29"
"2016","4114609","Marechal Cândido Rondon - PR","USD 25.4M","USD 73.1M","-0.0843","0% ","0% ","0% ","0% ","27","2.613","30","9.701"
"2016","4314423","Picada Café - RS","USD 2.33M","USD 24.7M","-0.0848","0% ","0% ","0% ","0% ","53","4.795","28","4.13"
"2016","4205803","Garuva - SC","USD 32M","USD 12.2M","-0.085","0% ","0% ","0% ","0% ","47","2.737","17","8.0456"
"2016","4212502","Penha - SC","USD 1.07M","USD 5.11M","-0.0861","0% ","0% ","0% ","0% ","36","2.15","10","2.312"
"2016","4117909","Palotina - PR","USD 7.41M","USD 254M","-0.0866","0% ","0% ","0% ","0% ","23","3.943","35","9.327"
"2016","4107207","Dois Vizinhos - PR","USD 3.73M","USD 8.24M","-0.087","0% ","0% ","0% ","0% ","10","2.183","10","3.0942"
"2016","3517505","Guapiaçu - SP","USD 446k","USD 62.8M","-0.087","0% ","0% ","0% ","0% ","7","2.656","28","7.0428"
"2016","4204251","Cocal do Sul - SC","USD 2.91M","USD 30.1M","-0.0876","0% ","0% ","0% ","0% ","25","1.695","52","11.17"
"2016","3201308","Cariacica - ES","USD 180M","USD 41.8M","-0.0877","0% ","0% ","0% ","0% ","42","6.378","33","11.99"
"2016","2504009","Campina Grande - PB","USD 28.1M","USD 69.7M","-0.0909","0% ","0% ","0% ","0% ","25","1.53","68","20.8"
"2016","4323002","Viamão - RS","USD 4.55M","USD 10.4M","-0.092","0% ","0% ","0% ","0% ","9","2.104","7","2.363"
"2016","5220454","Senador Canedo - GO","USD 43.5M","USD 59M","-0.0926","0% ","0% ","0% ","0% ","26","4.0566","41","9.72"
"2016","3302007","Itaguaí - RJ","USD 20M","USD 643M","-0.0935","0% ","0% ","0% ","0% ","8","2.877","21","5.0713"
"2016","3134202","Ituiutaba - MG","USD 551k","USD 85.5M","-0.094","0% ","0% ","0% ","0% ","10","4.0885","54","17.64"
"2016","3515707","Ferraz de Vasconcelos - SP","USD 7.47M","USD 11.9M","-0.0944","0% ","0% ","0% ","0% ","86","7.901","22","6.2"
"2016","5006200","Nova Andradina - MS","USD 59M","USD 60M","-0.095","0% ","0% ","0% ","0% ","9","3.00082","35","8.546"
"2016","3146107","Ouro Preto - MG","USD 2.18M","USD 955M","-0.0966","0% ","0% ","0% ","0% ","9","1.0743","33","5.0743"
"2016","4307807","Estrela - RS","USD 14.4M","USD 11.5M","-0.0966","0% ","0% ","0% ","0% ","75","5.44","31","8.959"
"2016","4205506","Fraiburgo - SC","USD 6.7M","USD 7.69M","-0.0983","0% ","0% ","0% ","0% ","9","3.884","27","6.6"
"2016","4307708","Esteio - RS","USD 42.7M","USD 58.1M","-0.101","0% ","0% ","0% ","0% ","88","7.556","62","24.34"
"2016","3300407","Barra Mansa - RJ","USD 63.9M","USD 29.7M","-0.102","0% ","0% ","0% ","0% ","23","6.323","15","7.62"
"2016","4207304","Imbituba - SC","USD 96.9M","USD 123M","-0.102","0% ","0% ","0% ","0% ","13","1.137","18","1.135"
"2016","1508407","Xinguara - PA","USD 2.37M","USD 73.3M","-0.103","0% ","0% ","0% ","0% ","8","2.681","35","10.2958"
"2016","3541406","Presidente Prudente - SP","USD 7.63M","USD 130M","-0.105","0% ","0% ","0% ","0% ","92","4.675","87","11.03"
"2016","4103453","Cafelândia - PR","USD 15.6M","USD 273M","-0.105","0% ","0% ","0% ","0% ","8","3.125","52","16.57"
"2016","3148103","Patrocínio - MG","USD 486k","USD 269M","-0.105","0% ","0% ","0% ","0% ","6","1.656","37","11.37"
"2016","3538600","Piracaia - SP","USD 954k","USD 1.99M","-0.107","0% ","0% ","0% ","0% ","43","2.74","10","3.85"
"2016","2607901","Jaboatão Dos Guararapes - PE","USD 289M","USD 9.92M","-0.108","0% ","0% ","0% ","0% ","54","9.749","27","13.08"
"2016","3526803","Lençóis Paulista - SP","USD 12M","USD 58.9M","-0.11","0% ","0% ","0% ","0% ","37","4.703","49","12.69"
"2016","3126109","Formiga - MG","USD 3.09M","USD 2.32M","-0.111","0% ","0% ","0% ","0% ","53","13.91","8","1.346"
"2016","1100122","Ji-Paraná - RO","USD 11.5M","USD 24.4M","-0.112","0% ","0% ","0% ","0% ","16","6.832","36","13.12"
"2016","4122305","Rio Negro - PR","USD 8.17M","USD 16.7M","-0.113","0% ","0% ","0% ","0% ","15","3.308","29","9.0853"
"2016","4322400","Uruguaiana - RS","USD 15.7M","USD 4M","-0.114","0% ","0% ","0% ","0% ","37","3.551","9","6.409"
"2016","2310258","Paraipaba - CE","USD 446k","USD 16.2M","-0.116","0% ","0% ","0% ","0% ","7","1.206","19","3.0356"
"2016","2303709","Caucaia - CE","USD 204M","USD 88M","-0.117","0% ","0% ","0% ","0% ","35","2.256","25","2.418"
"2016","1200252","Epitaciolândia - AC","USD 78.5k","USD 13.4M","-0.118","0% ","0% ","0% ","0% ","168","31.4","2","1.514"
"2016","4125605","São Mateus do Sul - PR","USD 739k","USD 12.2M","-0.118","0% ","0% ","0% ","0% ","8","3.73","26","8.714"
"2016","4127106","Telêmaco Borba - PR","USD 32.1M","USD 216M","-0.119","0% ","0% ","0% ","0% ","43","3.75","46","6.974"
"2016","4216602","São José - SC","USD 509M","USD 52M","-0.119","0% ","0% ","0% ","0% ","123","6.387","64","10.2354"
"2016","3546702","Santa Gertrudes - SP","USD 6.07M","USD 39.5M","-0.12","0% ","0% ","0% ","0% ","24","1.0967","59","21.55"
"2016","2300200","Acaraú - CE","USD 254k","USD 4.9M","-0.121","0% ","0% ","0% ","0% ","6","2.248","7","4.286"
"2016","3504107","Atibaia - SP","USD 401M","USD 87.3M","-0.123","0% ","0% ","0% ","0% ","186","16.55","63","15.91"
"2016","3131703","Itabira - MG","USD 47.3M","USD 556M","-0.125","0% ","0% ","0% ","0% ","7","1.123","25","7.214"
"2016","2933307","Vitória da Conquista - BA","USD 12.4M","USD 35.2M","-0.126","0% ","0% ","0% ","0% ","16","2.294","25","4.67"
"2016","4307005","Erechim - RS","USD 21.1M","USD 110M","-0.128","0% ","0% ","0% ","0% ","105","9.15","78","12.59"
"2016","3557105","Votuporanga - SP","USD 580k","USD 12.2M","-0.129","0% ","0% ","0% ","0% ","33","2.386","44","3.764"
"2016","4310801","Ivoti - RS","USD 84.4M","USD 28.4M","-0.129","0% ","0% ","0% ","0% ","57","4.848","62","12.4"
"2016","1302504","Manacapuru - AM","USD 1.54k","USD 1.81M","-0.129","0% ","0% ","0% ","0% ","8","5.583","3","1.665"
"2016","4106407","Cornélio Procópio - PR","USD 3.11M","USD 147M","-0.129","0% ","0% ","0% ","0% ","16","2.361","48","17.35"
"2016","3205101","Viana - ES","USD 138M","USD 77.1M","-0.133","0% ","0% ","0% ","0% ","21","2.744","44","7.0149"
"2016","5107958","Tangará da Serra - MT","USD 272k","USD 239M","-0.134","0% ","0% ","0% ","0% ","12","5.197","37","13.09"
"2016","3556909","Vista Alegre do Alto - SP","USD 2.94k","USD 103M","-0.135","0% ","0% ","0% ","0% ","6","1.12","46","21.82"
"2016","3554805","Tremembé - SP","USD 7.46M","USD 3.82M","-0.135","0% ","0% ","0% ","0% ","50","15.48","7","2.693"
"2016","4106209","Contenda - PR","USD 4.35M","USD 2.69M","-0.136","0% ","0% ","0% ","0% ","18","5.317","19","7.893"
"2016","2930709","Simões Filho - BA","USD 182M","USD 82.1M","-0.137","0% ","0% ","0% ","0% ","107","9.965","51","18.32"
"2016","3544004","Rio Das Pedras - SP","USD 28.1M","USD 1.94M","-0.137","0% ","0% ","0% ","0% ","54","2.719","13","4.264"
"2016","4320800","Soledade - RS","USD 3.6M","USD 57.1M","-0.137","0% ","0% ","0% ","0% ","21","1.928","52","7.101"
"2016","3144300","Nanuque - MG","USD 262k","USD 50.9M","-0.14","0% ","0% ","0% ","0% ","6","2.0894","15","6.165"
"2016","3122306","Divinópolis - MG","USD 15.1M","USD 104M","-0.142","0% ","0% ","0% ","0% ","42","3.178","42","9.801"
"2016","3525706","José Bonifácio - SP","USD 426k","USD 118M","-0.142","0% ","0% ","0% ","0% ","14","2.527","46","17.91"
"2016","4202305","Biguaçu - SC","USD 2.29M","USD 14.3M","-0.143","0% ","0% ","0% ","0% ","28","5.603","27","6.561"
"2016","4305439","Chuí - RS","USD 248k","USD 1.41M","-0.144","0% ","0% ","0% ","0% ","61","17.72","3","1.657"
"2016","5221403","Trindade - GO","USD 1.76M","USD 80.2M","-0.153","0% ","0% ","0% ","0% ","35","1.226","18","4.514"
"2016","5001003","Aparecida do Taboado - MS","USD 12.8M","USD 53.5M","-0.154","0% ","0% ","0% ","0% ","45","3.254","40","16.01"
"2016","3533908","Olímpia - SP","USD 3.99M","USD 76.1M","-0.159","0% ","0% ","0% ","0% ","19","2.162","43","8.451"
"2016","4126306","Sengés - PR","USD 1.42M","USD 37.3M","-0.159","0% ","0% ","0% ","0% ","8","4.614","38","12.16"
"2016","3503307","Araras - SP","USD 31.9M","USD 233M","-0.159","0% ","0% ","0% ","0% ","112","5.58","102","40.6567"
"2016","4122404","Rolândia - PR","USD 25.2M","USD 280M","-0.162","0% ","0% ","0% ","0% ","35","4.368","75","12.56"
"2016","4215000","Rio Negrinho - SC","USD 862k","USD 80.7M","-0.163","0% ","0% ","0% ","0% ","38","3.599","41","6.153"
"2016","1100304","Vilhena - RO","USD 1.16M","USD 267M","-0.163","0% ","0% ","0% ","0% ","20","3.761","47","16.27"
"2016","3103504","Araguari - MG","USD 21.7M","USD 451M","-0.164","0% ","0% ","0% ","0% ","22","5.871","60","12.82"
"2016","2903201","Barreiras - BA","USD 225k","USD 161M","-0.165","0% ","0% ","0% ","0% ","10","2.813","26","13.05"
"2016","4101101","Andirá - PR","USD 634k","USD 5.96M","-0.166","0% ","0% ","0% ","0% ","8","2.99","19","8.212"
"2016","4128203","União da Vitória - PR","USD 5.47M","USD 34.5M","-0.167","0% ","0% ","0% ","0% ","13","3.685","44","9.213"
"2016","4214003","Presidente Getúlio - SC","USD 276k","USD 70.8M","-0.167","0% ","0% ","0% ","0% ","13","2.347","57","13.16"
"2016","3508009","Buri - SP","USD 302k","USD 11.1M","-0.168","0% ","0% ","0% ","0% ","7","2.107","16","7.7"
"2016","4213500","Porto Belo - SC","USD 2.39M","USD 2.55M","-0.169","0% ","0% ","0% ","0% ","16","3.172","30","5.76"
"2016","5101803","Barra do Garças - MT","USD 47.9k","USD 203M","-0.169","0% ","0% ","0% ","0% ","11","2.429","46","7.603"
"2016","4218301","Três Barras - SC","USD 3.45M","USD 75.3M","-0.173","0% ","0% ","0% ","0% ","12","3.221","41","9.205"
"2016","5215702","Palmeiras de Goiás - GO","USD 242k","USD 228M","-0.175","0% ","0% ","0% ","0% ","13","2.422","48","15.29"
"2016","4211009","Mondaí - SC","USD 534k","USD 4.64M","-0.175","0% ","0% ","0% ","0% ","8","2.516","13","7.735"
"2016","4126504","Sertanópolis - PR","USD 21M","USD 280M","-0.176","0% ","0% ","0% ","0% ","6","1.777","14","2.847"
"2016","3549706","São José do Rio Pardo - SP","USD 10.4M","USD 72.2M","-0.18","0% ","0% ","0% ","0% ","8","1.204","33","10.5802"
"2016","3501152","Alumínio - SP","USD 11.2M","USD 142M","-0.185","0% ","0% ","0% ","0% ","15","3.938","18","7.0187"
"2016","3303401","Nova Friburgo - RJ","USD 5.49M","USD 2.42M","-0.192","0% ","0% ","0% ","0% ","58","10.2433","50","10.4307"
"2016","1507300","São Félix do Xingu - PA","USD 0","USD 16M","-0.196","0% ","0% ","0% ","0% ","6","2.495","7","3.142"
"2016","3554508","Tietê - SP","USD 16.5M","USD 21.3M","-0.197","0% ","0% ","0% ","0% ","39","4.497","39","5.0465"
"2016","3531308","Monte Alto - SP","USD 11.7M","USD 7.29M","-0.199","0% ","0% ","0% ","0% ","58","10.4541","37","14.75"
"2016","4213203","Pomerode - SC","USD 135M","USD 71.6M","-0.2","0% ","0% ","0% ","0% ","186","8.652","88","20.5158"
"2016","3102605","Andradas - MG","USD 5.98M","USD 23.5M","-0.201","0% ","0% ","0% ","0% ","13","3.244","25","7.88"
"2016","3534302","Orlândia - SP","USD 11.1M","USD 59.3M","-0.206","0% ","0% ","0% ","0% ","23","5.0803","41","11.25"
"2016","3546603","Santa Fé do Sul - SP","USD 13.3k","USD 29M","-0.209","0% ","0% ","0% ","0% ","13","2.876","33","7.569"
"2016","3148004","Patos de Minas - MG","USD 22.1M","USD 25.5M","-0.212","0% ","0% ","0% ","0% ","25","6.537","49","11.11"
"2016","3546801","Santa Isabel - SP","USD 9.51M","USD 2.28M","-0.215","0% ","0% ","0% ","0% ","23","6.776","13","4.973"
"2016","3502101","Andradina - SP","USD 236k","USD 283M","-0.218","0% ","0% ","0% ","0% ","19","5.54","53","6.863"
"2016","4315305","Quaraí - RS","USD 220k","USD 3.13M","-0.219","0% ","0% ","0% ","0% ","9","1.895","18","1.478"
"2016","2313807","Uruburetama - CE","USD 3.2M","USD 79.5M","-0.222","0% ","0% ","0% ","0% ","19","2.174","52","3.409"
"2016","5108402","Várzea Grande - MT","USD 8.3M","USD 158M","-0.222","0% ","0% ","0% ","0% ","20","3.622","58","16.71"
"2016","3200904","Barra de São Francisco - ES","USD 9.97M","USD 128M","-0.223","0% ","0% ","0% ","0% ","9","1.298","44","2.315"
"2016","2309706","Pacatuba - CE","USD 11.7M","USD 1.38M","-0.228","0% ","0% ","0% ","0% ","44","13.78","8","4.205"
"2016","4104501","Capanema - PR","USD 2.08M","USD 6.42M","-0.23","0% ","0% ","0% ","0% ","13","3.846","9","5.368"
"2016","4210605","Massaranduba - SC","USD 1.17M","USD 2.01M","-0.245","0% ","0% ","0% ","0% ","67","9.252","11","5.678"
"2016","1500107","Abaetetuba - PA","USD 148k","USD 63.6M","-0.245","0% ","0% ","0% ","0% ","7","1.175","13","4.914"
"2016","5103403","Cuiabá - MT","USD 53.9M","USD 276M","-0.249","0% ","0% ","0% ","0% ","35","3.424","36","12.39"
"2016","5008305","Três Lagoas - MS","USD 438M","USD 1.04B","-0.252","0% ","0% ","0% ","0% ","23","1.45","72","9.355"
"2016","3167202","Sete Lagoas - MG","USD 238M","USD 321M","-0.255","0% ","0% ","0% ","0% ","148","5.466","61","9.137"
"2016","4203808","Canoinhas - SC","USD 490k","USD 23.8M","-0.259","0% ","0% ","0% ","0% ","15","5.236","44","7.625"
"2016","3506508","Birigui - SP","USD 12M","USD 35.3M","-0.263","0% ","0% ","0% ","0% ","56","6.272","55","14.73"
"2016","4200309","Agronômica - SC","USD 513","USD 1.4M","-0.264","0% ","0% ","0% ","0% ","8","2.742","14","6.273"
"2016","4319505","São Sebastião do Caí - RS","USD 6.88M","USD 59.2M","-0.284","0% ","0% ","0% ","0% ","49","4.675","82","28"
"2016","5101258","Araputanga - MT","USD 0","USD 86.1M","-0.284","0% ","0% ","0% ","0% ","7","2.516","32","10.6092"
"2016","3534609","Osvaldo Cruz - SP","USD 1.74M","USD 32M","-0.294","0% ","0% ","0% ","0% ","144","3.0964","32","5.758"
"2016","4316907","Santa Maria - RS","USD 27M","USD 34.2M","-0.296","0% ","0% ","0% ","0% ","77","8.369","28","7.574"
"2016","3504503","Avaré - SP","USD 1.24M","USD 24.5M","-0.298","0% ","0% ","0% ","0% ","35","4.645","30","8.309"
"2016","2611606","Recife - PE","USD 547M","USD 65.7M","-0.299","0% ","0% ","0% ","0% ","201","8.0253","73","9.825"
"2016","3303302","Niterói - RJ","USD 721M","USD 1.66B","-0.3","0% ","0% ","0% ","0% ","98","3.12","29","4.827"
"2016","4217303","Saudades - SC","USD 1.18M","USD 4.95M","-0.301","0% ","0% ","0% ","0% ","33","3.215","22","14.06"
"2016","2802106","Estância - SE","USD 5.41M","USD 88.9M","-0.301","0% ","0% ","0% ","0% ","6","2.218","31","4.404"
"2016","2100055","Açailândia - MA","USD 4.29M","USD 207M","-0.311","0% ","0% ","0% ","0% ","8","1.396","12","3.759"
"2016","3139003","Machado - MG","USD 1.56M","USD 4.42M","-0.312","0% ","0% ","0% ","0% ","9","4.0707","18","7.0285"
"2016","3529005","Marília - SP","USD 41.6M","USD 34.4M","-0.312","0% ","0% ","0% ","0% ","92","6.743","84","28.61"
"2016","4307906","Farroupilha - RS","USD 62.2M","USD 73.1M","-0.312","0% ","0% ","0% ","0% ","155","19.65","99","15.31"
"2016","3134905","Jacutinga - MG","USD 7.73M","USD 2.13M","-0.313","0% ","0% ","0% ","0% ","23","4.943","25","7.57"
"2016","4203006","Caçador - SC","USD 124M","USD 234M","-0.314","0% ","0% ","0% ","0% ","73","9.428","87","10.3819"
"2016","2304285","Eusébio - CE","USD 25.2M","USD 46.3M","-0.314","0% ","0% ","0% ","0% ","36","3.654","55","11.25"
"2016","2919553","Luís Eduardo Magalhães - BA","USD 13.9M","USD 501M","-0.317","0% ","0% ","0% ","0% ","10","2.793","39","9.44"
"2016","5211503","Itumbiara - GO","USD 49.5M","USD 335M","-0.32","0% ","0% ","0% ","0% ","66","4.913","53","15.59"
"2016","5107925","Sorriso - MT","USD 175M","USD 1.37B","-0.321","0% ","0% ","0% ","0% ","12","2.657","41","8.916"
"2016","4311403","Lajeado - RS","USD 16.7M","USD 68.9M","-0.325","0% ","0% ","0% ","0% ","61","3.109","79","6.174"
"2016","2926301","Riachão do Jacuípe - BA","USD 0","USD 7.42M","-0.326","0% ","0% ","0% ","0% ","7","2.402","22","8.564"
"2016","2111300","São Luís - MA","USD 2.05B","USD 940M","-0.329","0% ","0% ","0% ","0% ","7","1.234","39","7.382"
"2016","2606804","Igarassu - PE","USD 30.5M","USD 26.2M","-0.33","0% ","0% ","0% ","0% ","17","2.259","17","4.212"
"2016","3557006","Votorantim - SP","USD 20.6M","USD 14M","-0.337","0% ","0% ","0% ","0% ","70","6.504","31","9.955"
"2016","3147402","Paraopeba - MG","USD 118k","USD 3.49M","-0.337","0% ","0% ","0% ","0% ","7","3.803","19","8.111"
"2016","4105805","Colombo - PR","USD 51.8M","USD 21.3M","-0.341","0% ","0% ","0% ","0% ","129","24.37","61","19.52"
"2016","3145901","Ouro Branco - MG","USD 366M","USD 534M","-0.349","0% ","0% ","0% ","0% ","7","2.456","33","13.9"
"2016","2301109","Aracati - CE","USD 2.53M","USD 21.7M","-0.364","0% ","0% ","0% ","0% ","6","3.521","39","7.511"
"2016","4312401","Montenegro - RS","USD 244M","USD 401M","-0.388","0% ","0% ","0% ","0% ","90","6.7","104","27.24"
"2016","3514601","Dumont - SP","USD 269k","USD 21.7M","-0.395","0% ","0% ","0% ","0% ","6","1.685","15","6.209"
"2016","3556453","Vargem Grande Paulista - SP","USD 29.5M","USD 28.2M","-0.398","0% ","0% ","0% ","0% ","82","11.66","50","13.47"
"2016","4314803","Portão - RS","USD 17.6M","USD 63.8M","-0.403","0% ","0% ","0% ","0% ","84","8.724","57","15.67"
"2016","3527108","Lins - SP","USD 23.6M","USD 539M","-0.404","0% ","0% ","0% ","0% ","74","4.254","92","12.43"
"2016","4206504","Guaramirim - SC","USD 4.24M","USD 4.65M","-0.411","0% ","0% ","0% ","0% ","61","12.13","19","4.7"
"2016","4204608","Criciúma - SC","USD 186M","USD 65.1M","-0.419","0% ","0% ","0% ","0% ","183","4.976","87","21.42"
"2016","5102637","Campo Novo do Parecis - MT","USD 19.6M","USD 388M","-0.421","0% ","0% ","0% ","0% ","9","3.41","50","19.82"
"2016","4110706","Irati - PR","USD 30.5M","USD 31.2M","-0.427","0% ","0% ","0% ","0% ","37","4.398","33","8.751"
"2016","4202909","Brusque - SC","USD 135M","USD 58.6M","-0.428","0% ","0% ","0% ","0% ","188","8.216","67","17.45"
"2016","3169307","Três Corações - MG","USD 73.7M","USD 127M","-0.429","0% ","0% ","0% ","0% ","42","4.168","62","19.22"
"2016","3548500","Santos - SP","USD 761M","USD 3.53B","-0.429","0% ","0% ","0% ","0% ","170","6.647","142","27.68"
"2016","3157807","Santa Luzia - MG","USD 28.1M","USD 17.9M","-0.429","0% ","0% ","0% ","0% ","42","7.483","24","8.558"
"2016","4303509","Camaquã - RS","USD 5.69M","USD 23.8M","-0.433","0% ","0% ","0% ","0% ","16","2.721","40","9.512"
"2016","3306008","Três Rios - RJ","USD 48.5M","USD 49M","-0.441","0% ","0% ","0% ","0% ","38","2.318","37","2.513"
"2016","1600600","Santana - AP","USD 2.74M","USD 73M","-0.447","0% ","0% ","0% ","0% ","9","2.44","14","4.479"
"2016","4201406","Araranguá - SC","USD 328k","USD 90.4M","-0.454","0% ","0% ","0% ","0% ","26","2.681","47","10.4602"
"2016","3512407","Cordeirópolis - SP","USD 11.4M","USD 77.5M","-0.457","0% ","0% ","0% ","0% ","48","3.0486","71","16.55"
"2016","3205200","Vila Velha - ES","USD 430M","USD 511M","-0.457","0% ","0% ","0% ","0% ","126","3.553","74","12.15"
"2016","3525102","Jardinópolis - SP","USD 2.48M","USD 2.12M","-0.457","0% ","0% ","0% ","0% ","12","2.317","13","3.919"
"2016","5206206","Cristalina - GO","USD 15.4M","USD 29.7M","-0.457","0% ","0% ","0% ","0% ","7","2.78","24","11.37"
"2016","5103502","Diamantino - MT","USD 133k","USD 438M","-0.459","0% ","0% ","0% ","0% ","10","5.618","43","14.03"
"2016","5106224","Nova Mutum - MT","USD 31.6M","USD 655M","-0.46","0% ","0% ","0% ","0% ","9","3.665","34","11.82"
"2016","4120804","Quatro Barras - PR","USD 93.1M","USD 56.7M","-0.465","0% ","0% ","0% ","0% ","121","17.22","35","7.344"
"2016","4109401","Guarapuava - PR","USD 193M","USD 170M","-0.475","0% ","0% ","0% ","0% ","63","6.317","50","14.61"
"2016","4210001","Luiz Alves - SC","USD 19.8M","USD 4.46M","-0.486","0% ","0% ","0% ","0% ","26","1.522","8","1.759"
"2016","4301008","Arroio do Meio - RS","USD 13.4M","USD 23.5M","-0.49","0% ","0% ","0% ","0% ","44","8.888","68","35.2"
"2016","2914802","Itabuna - BA","USD 51M","USD 29.3M","-0.498","0% ","0% ","0% ","0% ","17","2.354","29","2.606"
"2016","3554003","Tatuí - SP","USD 47.5M","USD 39M","-0.507","0% ","0% ","0% ","0% ","102","8.852","53","19.36"
"2016","4310108","Igrejinha - RS","USD 7.15M","USD 70.8M","-0.507","0% ","0% ","0% ","0% ","45","5.944","104","32.77"
"2016","4104808","Cascavel - PR","USD 168M","USD 291M","-0.512","0% ","0% ","0% ","0% ","128","8.0115","65","16.18"
"2016","3556503","Várzea Paulista - SP","USD 72M","USD 54.2M","-0.529","0% ","0% ","0% ","0% ","93","9.785","66","14.96"
"2016","4216206","São Francisco do Sul - SC","USD 482M","USD 678M","-0.536","0% ","0% ","0% ","0% ","23","2.216","39","2.72"
"2016","5210000","Inhumas - GO","USD 68.2k","USD 4.05M","-0.548","0% ","0% ","0% ","0% ","9","4.214","22","9.633"
"2016","3516200","Franca - SP","USD 25M","USD 128M","-0.549","0% ","0% ","0% ","0% ","221","5.657","99","24"
"2016","2907202","Casa Nova - BA","USD 1.32M","USD 52.2M","-0.556","0% ","0% ","0% ","0% ","6","1.675","16","6.502"
"2016","3511102","Catanduva - SP","USD 13.4M","USD 176M","-0.558","0% ","0% ","0% ","0% ","58","4.987","68","20.969"
"2016","2610707","Paulista - PE","USD 9.14M","USD 5.61M","-0.559","0% ","0% ","0% ","0% ","16","7.216","17","5.143"
"2016","3202801","Itapemirim - ES","USD 1.35M","USD 29.3M","-0.562","0% ","0% ","0% ","0% ","6","2.0204","19","1.695"
"2016","5107875","Sapezal - MT","USD 27.9M","USD 481M","-0.567","0% ","0% ","0% ","0% ","7","3.157","36","22.34"
"2016","3506102","Bebedouro - SP","USD 11.1M","USD 306M","-0.574","0% ","0% ","0% ","0% ","23","2.356","38","4.0332"
"2016","3522406","Itapeva - SP","USD 1.15M","USD 28.4M","-0.582","0% ","0% ","0% ","0% ","7","3.608","24","10.4308"
"2016","4205902","Gaspar - SC","USD 69.9M","USD 21M","-0.582","0% ","0% ","0% ","0% ","102","6.421","46","12.69"
"2016","4306106","Cruz Alta - RS","USD 5.89M","USD 265M","-0.591","0% ","0% ","0% ","0% ","11","2.159","19","3.485"
"2016","3106200","Belo Horizonte - MG","USD 341M","USD 482M","-0.594","0% ","0% ","0% ","0% ","491","12.53","113","19.03"
"2016","2312403","São Gonçalo do Amarante - CE","USD 2.28B","USD 238M","-0.597","0% ","0% ","0% ","0% ","8","1.863","16","9.331"
"2016","1100205","Porto Velho - RO","USD 500M","USD 53.5M","-0.599","0% ","0% ","0% ","0% ","49","3.906","38","16.66"
"2016","4313375","Nova Santa Rita - RS","USD 22.4M","USD 32.5M","-0.6","0% ","0% ","0% ","0% ","42","10.6639","28","2.52"
"2016","3146909","Papagaios - MG","USD 83.2k","USD 29.7M","-0.6","0% ","0% ","0% ","0% ","9","1.158","53","11.59"
"2016","5107040","Primavera do Leste - MT","USD 3M","USD 598M","-0.606","0% ","0% ","0% ","0% ","10","3.625","31","9.366"
"2016","4108304","Foz do Iguaçu - PR","USD 207M","USD 178M","-0.615","0% ","0% ","0% ","0% ","644","118.31","64","1.523"
"2016","4104204","Campo Largo - PR","USD 172M","USD 189M","-0.62","0% ","0% ","0% ","0% ","91","2.985","69","17.94"
"2016","3541604","Promissão - SP","USD 65.9k","USD 344M","-0.623","0% ","0% ","0% ","0% ","13","3.803","54","12.04"
"2016","3543402","Ribeirão Preto - SP","USD 137M","USD 148M","-0.626","0% ","0% ","0% ","0% ","279","33.2","117","30.4304"
"2016","2301000","Aquiraz - CE","USD 105M","USD 33.4M","-0.627","0% ","0% ","0% ","0% ","24","1.867","22","6.659"
"2016","4311627","Lindolfo Collor - RS","USD 6.93M","USD 66.3M","-0.635","0% ","0% ","0% ","0% ","18","3.175","54","14.27"
"2016","3513108","Cravinhos - SP","USD 36.1M","USD 22.9M","-0.644","0% ","0% ","0% ","0% ","101","9.25","53","13"
"2016","2412005","São Gonçalo do Amarante - RN","USD 13.4M","USD 33.8M","-0.645","0% ","0% ","0% ","0% ","14","4.0159","31","16.42"
"2016","3168606","Teófilo Otoni - MG","USD 289k","USD 17.3M","-0.657","0% ","0% ","0% ","0% ","11","1.27","30","3.739"
"2016","2403103","Currais Novos - RN","USD 9.21k","USD 5.18M","-0.66","0% ","0% ","0% ","0% ","6","4.462","7","4.316"
"2016","4204806","Curitibanos - SC","USD 6.29M","USD 73.7M","-0.666","0% ","0% ","0% ","0% ","22","5.393","57","14.16"
"2016","3502804","Araçatuba - SP","USD 28.6M","USD 22.2M","-0.671","0% ","0% ","0% ","0% ","60","5.256","63","15.09"
"2016","4105508","Cianorte - PR","USD 10.9M","USD 28.2M","-0.674","0% ","0% ","0% ","0% ","72","3.768","24","4.763"
"2016","1504703","Moju - PA","USD 9.8k","USD 42.6M","-0.692","0% ","0% ","0% ","0% ","12","1.799","8","3.45"
"2016","2910800","Feira de Santana - BA","USD 92M","USD 99.9M","-0.693","0% ","0% ","0% ","0% ","32","2.471","44","5.274"
"2016","4318309","São Gabriel - RS","USD 38.5M","USD 19.4M","-0.701","0% ","0% ","0% ","0% ","13","3.99","15","6.144"
"2016","4322509","Vacaria - RS","USD 48.9M","USD 17.4M","-0.718","0% ","0% ","0% ","0% ","31","2.278","34","13.93"
"2016","4311304","Lagoa Vermelha - RS","USD 0","USD 16.8M","-0.718","0% ","0% ","0% ","0% ","34","1.224","24","8.154"
"2016","3524303","Jaboticabal - SP","USD 16.3M","USD 43.5M","-0.718","0% ","0% ","0% ","0% ","59","3.535","61","12.27"
"2016","3201209","Cachoeiro de Itapemirim - ES","USD 22.3M","USD 231M","-0.72","0% ","0% ","0% ","0% ","40","1.568","74","4.0486"
"2016","4201257","Apiúna - SC","USD 14.5M","USD 4.01M","-0.736","0% ","0% ","0% ","0% ","48","10.2467","30","13.89"
"2016","4302105","Bento Gonçalves - RS","USD 29.8M","USD 69.2M","-0.738","0% ","0% ","0% ","0% ","166","10.4485","84","21.83"
"2016","5002704","Campo Grande - MS","USD 305M","USD 339M","-0.772","0% ","0% ","0% ","0% ","115","8.43","85","18.16"
"2016","1500800","Ananindeua - PA","USD 10.2M","USD 60.2M","-0.777","0% ","0% ","0% ","0% ","41","6.326","60","11.76"
"2016","2918407","Juazeiro - BA","USD 13.5M","USD 58.2M","-0.798","0% ","0% ","0% ","0% ","13","3.0558","31","8.825"
"2016","5208707","Goiânia - GO","USD 120M","USD 168M","-0.803","0% ","0% ","0% ","0% ","193","5.0395","63","6.118"
"2016","4117503","Paiçandu - PR","USD 4.06M","USD 24.9M","-0.811","0% ","0% ","0% ","0% ","8","2.122","10","3.335"
"2016","5102686","Campos de Júlio - MT","USD 0","USD 250M","-0.821","0% ","0% ","0% ","0% ","7","2.967","40","21.19"
"2016","2309607","Pacajús - CE","USD 12.1M","USD 18.3M","-0.823","0% ","0% ","0% ","0% ","9","3.112","22","5.787"
"2016","3300100","Angra Dos Reis - RJ","USD 1.16B","USD 5.52B","-0.828","0% ","0% ","0% ","0% ","27","1.834","16","5.0772"
"2016","4111803","Jacarezinho - PR","USD 50.6M","USD 141M","-0.856","0% ","0% ","0% ","0% ","15","4.191","50","15.02"
"2016","3133808","Itaúna - MG","USD 9.99M","USD 54M","-0.89","0% ","0% ","0% ","0% ","32","9.308","33","15.43"
"2016","4128104","Umuarama - PR","USD 23.5M","USD 55M","-0.896","0% ","0% ","0% ","0% ","51","2.429","37","12.03"
"2016","5106372","Pedra Preta - MT","USD 1.77M","USD 138M","-0.906","0% ","0% ","0% ","0% ","13","5.362","51","16.99"
"2016","4218004","Tijucas - SC","USD 45.9M","USD 42.8M","-0.908","0% ","0% ","0% ","0% ","58","2.328","70","22.78"
"2016","3519055","Holambra - SP","USD 29.6M","USD 6.4M","-0.939","0% ","0% ","0% ","0% ","14","2.191","16","2.479"
"2016","3115300","Cataguases - MG","USD 6.59M","USD 13.7M","-0.95","0% ","0% ","0% ","0% ","19","3.0394","46","14.11"
"2016","4101507","Arapongas - PR","USD 113M","USD 75.4M","-0.982","0% ","0% ","0% ","0% ","82","6.919","54","12.05"
"2016","2305357","Icapuí - CE","USD 13.2M","USD 97.1M","-0.985","0% ","0% ","0% ","0% ","6","1.501","21","4.843"
"2016","3144805","Nova Lima - MG","USD 54.2M","USD 1.88B","-0.996","0% ","0% ","0% ","0% ","66","1.841","44","4.0109"
"2016","3170206","Uberlândia - MG","USD 145M","USD 405M","-1.00461","0% ","0% ","0% ","0% ","162","6.38","69","12.23"
"2016","3525003","Jandira - SP","USD 184M","USD 18.1M","-1.0188","0% ","0% ","0% ","0% ","91","12.48","30","12.26"
"2016","5102504","Cáceres - MT","USD 247k","USD 11.7M","-1.0319","0% ","0% ","0% ","0% ","11","2.0231","12","4.56"
"2016","2927408","Salvador - BA","USD 803M","USD 127M","-1.0388","0% ","0% ","0% ","0% ","165","7.421","73","6.0197"
"2016","4104907","Castro - PR","USD 18.5M","USD 59.2M","-1.0819","0% ","0% ","0% ","0% ","36","5.201","53","14.25"
"2016","4316808","Santa Cruz do Sul - RS","USD 88.7M","USD 1.08B","-1.083","0% ","0% ","0% ","0% ","155","1.419","99","19.26"
"2016","2910057","Dias D'ávila - BA","USD 780M","USD 792M","-1.0969","0% ","0% ","0% ","0% ","17","2.56","30","6.0571"
"2016","4209300","Lages - SC","USD 29.9M","USD 148M","-1.16","0% ","0% ","0% ","0% ","69","6.926","47","10.463"
"2016","3505500","Barretos - SP","USD 103M","USD 337M","-1.166","0% ","0% ","0% ","0% ","48","4.492","52","8.121"
"2016","3302403","Macaé - RJ","USD 334M","USD 984M","-1.191","0% ","0% ","0% ","0% ","294","1.914","80","5.882"
"2016","4118402","Paranavaí - PR","USD 4.53M","USD 46.2M","-1.194","0% ","0% ","0% ","0% ","38","3.223","48","14.09"
"2016","3204906","São Mateus - ES","USD 4.45M","USD 19.4M","-1.224","0% ","0% ","0% ","0% ","6","2.388","24","7.166"
"2016","3205002","Serra - ES","USD 1.25B","USD 1.8B","-1.232","0% ","0% ","0% ","0% ","180","6.375","95","11.89"
"2016","2312908","Sobral - CE","USD 22.5M","USD 153M","-1.237","0% ","0% ","0% ","0% ","32","1.263","98","37.89"
"2016","4205001","Dionísio Cerqueira - SC","USD 45.4M","USD 7.35M","-1.259","0% ","0% ","0% ","0% ","21","6.579","10","1.128"
"2016","1100023","Ariquemes - RO","USD 117k","USD 23.1M","-1.265","0% ","0% ","0% ","0% ","38","4.615","28","5.839"
"2016","4301602","Bagé - RS","USD 4.26M","USD 75.3M","-1.272","0% ","0% ","0% ","0% ","16","4.996","42","9.309"
"2016","4307609","Estância Velha - RS","USD 13.5M","USD 61.8M","-1.276","0% ","0% ","0% ","0% ","62","6.972","64","17.89"
"2016","4322608","Venâncio Aires - RS","USD 18.6M","USD 575M","-1.281","0% ","0% ","0% ","0% ","129","1.5","70","11.77"
"2016","3136702","Juiz de Fora - MG","USD 336M","USD 151M","-1.293","0% ","0% ","0% ","0% ","47","5.0673","30","7.726"
"2016","4314407","Pelotas - RS","USD 84.2M","USD 96.6M","-1.299","0% ","0% ","0% ","0% ","85","2.991","47","11.77"
"2016","3548005","Santo Antônio de Posse - SP","USD 31.9M","USD 88.4M","-1.304","0% ","0% ","0% ","0% ","27","1.277","15","1.625"
"2016","4102604","Barracão - PR","USD 63M","USD 5.14M","-1.311","0% ","0% ","0% ","0% ","15","6.658","4","1.201"
"2016","3203205","Linhares - ES","USD 22M","USD 60.5M","-1.344","0% ","0% ","0% ","0% ","17","5.142","43","14.49"
"2016","2307650","Maracanaú - CE","USD 248M","USD 91.6M","-1.344","0% ","0% ","0% ","0% ","54","10.2426","74","19.52"
"2016","3143302","Montes Claros - MG","USD 122M","USD 270M","-1.391","0% ","0% ","0% ","0% ","32","2.515","53","6.0324"
"2016","1504208","Marabá - PA","USD 69.5M","USD 1.12B","-1.392","0% ","0% ","0% ","0% ","12","1.481","35","8.0769"
"2016","3104007","Araxá - MG","USD 49.8M","USD 1.23B","-1.398","0% ","0% ","0% ","0% ","17","1.5","27","5.898"
"2016","3528403","Mairinque - SP","USD 135M","USD 18.4M","-1.401","0% ","0% ","0% ","0% ","50","10.1088","48","24.63"
"2016","3152501","Pouso Alegre - MG","USD 132M","USD 55.7M","-1.406","0% ","0% ","0% ","0% ","170","18.28","49","6.985"
"2016","3529302","Matão - SP","USD 17.1M","USD 962M","-1.412","0% ","0% ","0% ","0% ","150","2.129","87","7.111"
"2016","5005202","Ladário - MS","USD 20.9k","USD 1.97M","-1.413","0% ","0% ","0% ","0% ","15","3.123","3","1.994"
"2016","4306809","Encantado - RS","USD 12.7M","USD 74.6M","-1.416","0% ","0% ","0% ","0% ","21","2.658","39","3.728"
"2016","4315107","Porto Xavier - RS","USD 27.3M","USD 5.47M","-1.439","0% ","0% ","0% ","0% ","13","3.719","1","1"
"2016","5218805","Rio Verde - GO","USD 129M","USD 600M","-1.484","0% ","0% ","0% ","0% ","21","3.468","38","7.14"
"2016","4113700","Londrina - PR","USD 365M","USD 659M","-1.489","0% ","0% ","0% ","0% ","247","6.097","121","16.83"
"2016","5107602","Rondonópolis - MT","USD 653M","USD 965M","-1.496","0% ","0% ","0% ","0% ","23","3.279","63","13.64"
"2016","2913606","Ilhéus - BA","USD 264M","USD 250M","-1.502","0% ","0% ","0% ","0% ","30","2.638","32","5.328"
"2016","3521903","Itajobi - SP","USD 166k","USD 31.1M","-1.512","0% ","0% ","0% ","0% ","13","3.196","22","5.978"
"2016","2704302","Maceió - AL","USD 516M","USD 148M","-1.557","0% ","0% ","0% ","0% ","34","1.389","35","12.52"
"2016","3509205","Cajamar - SP","USD 509M","USD 106M","-1.567","0% ","0% ","0% ","0% ","320","24.65","76","12.54"
"2016","4119905","Ponta Grossa - PR","USD 352M","USD 1.12B","-1.578","0% ","0% ","0% ","0% ","206","7.242","69","21.87"
"2016","1501303","Barcarena - PA","USD 388M","USD 1.95B","-1.584","0% ","0% ","0% ","0% ","10","2.218","29","9.494"
"2016","2408003","Mossoró - RN","USD 24M","USD 101M","-1.616","0% ","0% ","0% ","0% ","21","3.0115","36","9.434"
"2016","1505536","Parauapebas - PA","USD 73.7M","USD 4.76B","-1.669","0% ","0% ","0% ","0% ","63","1.125","29","5.43"
"2016","3555000","Tupã - SP","USD 2.38M","USD 38M","-1.673","0% ","0% ","0% ","0% ","20","2.535","42","13.67"
"2016","4101408","Apucarana - PR","USD 15.9M","USD 58.1M","-1.684","0% ","0% ","0% ","0% ","138","8.124","33","6.934"
"2016","2408102","Natal - RN","USD 79.7M","USD 32.7M","-1.728","0% ","0% ","0% ","0% ","41","5.69","28","3.0511"
"2016","4108809","Guaíra - PR","USD 2.03M","USD 16.2M","-1.92","0% ","0% ","0% ","0% ","193","17.92","12","2.259"
"2016","4317103","Santana do Livramento - RS","USD 1.06M","USD 22.9M","-1.922","0% ","0% ","0% ","0% ","94","4.262","4","1.0402"
"2016","1100106","Guajará-Mirim - RO","USD 334k","USD 54.9M","-1.992","0% ","0% ","0% ","0% ","446","63.11","2","1.0212"
"2016","4215802","São Bento do Sul - SC","USD 30.5M","USD 125M","-2.00745","0% ","0% ","0% ","0% ","147","5.0537","67","11.16"
"2016","5003207","Corumbá - MS","USD 1.27B","USD 201M","-2.186","0% ","0% ","0% ","0% ","487","8.86","4","2.143"
"2016","3503208","Araraquara - SP","USD 187M","USD 1.03B","-2.262","0% ","0% ","0% ","0% ","167","4.309","89","9.32"
"2016","3127701","Governador Valadares - MG","USD 8.66M","USD 28.4M","-2.404","0% ","0% ","0% ","0% ","29","1.661","23","2.522"
"2016","4320008","Sapucaia do Sul - RS","USD 19.5M","USD 24.3M","-2.545","0% ","0% ","0% ","0% ","60","12.08","26","6.375"
"2016","1400100","Boa Vista - RR","USD 7M","USD 23.1M","-2.639","0% ","0% ","0% ","0% ","58","8.256","5","1.258"
"2016","4315602","Rio Grande - RS","USD 1.18B","USD 2.61B","-2.675","0% ","0% ","0% ","0% ","68","5.93","81","11.43"
"2016","1502400","Castanhal - PA","USD 8.44M","USD 192M","-2.835","0% ","0% ","0% ","0% ","19","2.175","49","10.4112"
"2016","4311007","Jaguarão - RS","USD 317k","USD 6.6M","-2.851","0% ","0% ","0% ","0% ","154","25.15","2","1.0594"
"2016","2507507","João Pessoa - PB","USD 102M","USD 16.4M","-2.959","0% ","0% ","0% ","0% ","54","3.979","30","6.768"
"2016","2611101","Petrolina - PE","USD 14.1M","USD 147M","-3.311","0% ","0% ","0% ","0% ","18","6.786","39","6.981"
"2016","4118204","Paranaguá - PR","USD 1.64B","USD 3.67B","-3.641","0% ","0% ","0% ","0% ","38","5.0132","128","14.91"
"2016","2304400","Fortaleza - CE","USD 415M","USD 165M","-3.98","0% ","0% ","0% ","0% ","209","9.178","86","14.12"
"2016","4208203","Itajaí - SC","USD 4.17B","USD 3.34B","-4.412","0% ","0% ","0% ","0% ","292","4.171","154","26.2"
"2016","5006606","Ponta Porã - MS","USD 54M","USD 123M","-4.581","0% ","0% ","0% ","0% ","515","19.24","5","2.192"
"2016","1501402","Belém - PA","USD 142M","USD 198M","-5.825","0% ","0% ","0% ","0% ","171","14.67","90","19.74"
"2016","4202404","Blumenau - SC","USD 347M","USD 476M","-7.797","0% ","0% ","0% ","0% ","318","4.949","95","23.24"